po_number,source_supplier_id,source_buyer_id,category_code,po_date,required_delivery_date,po_status,currency_code,total_amount,source_award_id,source_system
HT940216C0001,SUP-7719ec3efdd1,BUY-916e4eb67c8b,CAT-AEROSPACE-DEFENSE,2026-11-10,2027-04-12,open,USD,51269205263.03,HT940216C0001,USAspending + derived procurement model
DEAC0494AL85000,SUP-8d496a253cef,BUY-ab7aba08e9d6,CAT-ENERGY-UTILITIES,2025-01-22,2025-05-16,closed,USD,48063763681.32,DEAC0494AL85000,USAspending + derived procurement model
DENA0003525,SUP-e8a39278cb36,BUY-ab7aba08e9d6,CAT-PROFESSIONAL-SERVICES,2026-12-16,2027-01-31,open,USD,42370311400.75,DENA0003525,USAspending + derived procurement model
DEAC0500OR22725,SUP-2fcf5a0d22cf,BUY-ab7aba08e9d6,CAT-ENERGY-UTILITIES,2025-01-25,2025-04-05,closed,USD,42096094266.96,DEAC0500OR22725,USAspending + derived procurement model
DEAC5207NA27344,SUP-26b622394002,BUY-ab7aba08e9d6,CAT-ENERGY-UTILITIES,2025-01-27,2025-05-23,closed,USD,41089730157.94,DEAC5207NA27344,USAspending + derived procurement model
DEAC3243AL00036,SUP-b2bf27a344a9,BUY-ab7aba08e9d6,CAT-ENERGY-UTILITIES,2026-11-13,2027-03-30,open,USD,35295925219.18,DEAC3243AL00036,USAspending + derived procurement model
N0001917C0001,SUP-349f3299ab87,BUY-893be9bd11ed,CAT-AEROSPACE-DEFENSE,2026-07-19,2026-10-30,open,USD,35135514910.2,N0001917C0001,USAspending + derived procurement model
89233218CNA000001,SUP-34d5321c22e6,BUY-ab7aba08e9d6,CAT-ENERGY-UTILITIES,2026-03-06,2026-04-16,closed,USD,35040435873.75,89233218CNA000001,USAspending + derived procurement model
N0002417C2100,SUP-d0f49288a174,BUY-893be9bd11ed,CAT-AEROSPACE-DEFENSE,2026-12-06,2027-02-21,open,USD,34664220619.0,N0002417C2100,USAspending + derived procurement model
DENA0001942,SUP-65042875dcd1,BUY-ab7aba08e9d6,CAT-ENERGY-UTILITIES,2025-09-30,2026-01-11,closed,USD,34070138513.79,DENA0001942,USAspending + derived procurement model
FA862511C6600,SUP-5c8f472899dc,BUY-4175d8557aad,CAT-AEROSPACE-DEFENSE,2026-05-13,2026-09-07,open,USD,31960918249.03,FA862511C6600,USAspending + derived procurement model
N0002417C2117,SUP-d0f49288a174,BUY-893be9bd11ed,CAT-AEROSPACE-DEFENSE,2026-05-10,2026-09-16,open,USD,30979375853.0,N0002417C2117,USAspending + derived procurement model
DEAC0576RL01830,SUP-befbe73a7e9d,BUY-ab7aba08e9d6,CAT-ENERGY-UTILITIES,2026-03-07,2026-07-20,open,USD,30520604861.61,DEAC0576RL01830,USAspending + derived procurement model
N0001920C0009,SUP-349f3299ab87,BUY-893be9bd11ed,CAT-AEROSPACE-DEFENSE,2025-07-18,2025-11-18,closed,USD,30140182630.06,N0001920C0009,USAspending + derived procurement model
DEAC5206NA25396,SUP-deaa6152c34e,BUY-ab7aba08e9d6,CAT-ENERGY-UTILITIES,2025-08-15,2025-10-28,closed,USD,27422768630.96,DEAC5206NA25396,USAspending + derived procurement model
DEAC0908SR22470,SUP-cb4fd4384424,BUY-ab7aba08e9d6,CAT-ENERGY-UTILITIES,2026-05-21,2026-08-15,open,USD,27139821087.23,DEAC0908SR22470,USAspending + derived procurement model
DEAC0705ID14517,SUP-6941a144ed28,BUY-ab7aba08e9d6,CAT-ENERGY-UTILITIES,2025-12-23,2026-03-23,closed,USD,26114643335.95,DEAC0705ID14517,USAspending + derived procurement model
N0001923C0003,SUP-349f3299ab87,BUY-893be9bd11ed,CAT-AEROSPACE-DEFENSE,2025-07-10,2025-09-13,closed,USD,24500661983.0,N0001923C0003,USAspending + derived procurement model
HT940216C0002,SUP-aff48200bff8,BUY-916e4eb67c8b,CAT-AEROSPACE-DEFENSE,2026-11-19,2027-01-04,open,USD,23493318778.12,HT940216C0002,USAspending + derived procurement model
NAS1510000,SUP-5c8f472899dc,BUY-517085245e38,CAT-AEROSPACE-DEFENSE,2026-11-15,2027-02-22,open,USD,22437793940.54,NAS1510000,USAspending + derived procurement model
DEAC0584OR21400,SUP-0466f4ed4f29,BUY-ab7aba08e9d6,CAT-ENERGY-UTILITIES,2026-05-27,2026-08-17,open,USD,20646113720.09,DEAC0584OR21400,USAspending + derived procurement model
HT940211C0003,SUP-7719ec3efdd1,BUY-916e4eb67c8b,CAT-AEROSPACE-DEFENSE,2026-01-22,2026-05-21,closed,USD,20451127096.53,HT940211C0003,USAspending + derived procurement model
N0002412C2115,SUP-d0f49288a174,BUY-893be9bd11ed,CAT-AEROSPACE-DEFENSE,2025-11-01,2026-02-17,closed,USD,20183699820.0,N0002412C2115,USAspending + derived procurement model
DEAC0205CH11231,SUP-d0c81e21ae9e,BUY-ab7aba08e9d6,CAT-ENERGY-UTILITIES,2026-08-19,2026-10-28,open,USD,19743215928.42,DEAC0205CH11231,USAspending + derived procurement model
HT940210C0002,SUP-aff48200bff8,BUY-916e4eb67c8b,CAT-AEROSPACE-DEFENSE,2026-07-29,2026-12-21,open,USD,19414789943.3,HT940210C0002,USAspending + derived procurement model
N0001914C0067,SUP-5c8f472899dc,BUY-68eda450c8b9,CAT-AEROSPACE-DEFENSE,2025-07-11,2025-11-23,closed,USD,18111838529.78,N0001914C0067,USAspending + derived procurement model
DEAC0343SF00048,SUP-d0c81e21ae9e,BUY-ab7aba08e9d6,CAT-ENERGY-UTILITIES,2026-12-13,2027-05-25,open,USD,18009881071.27,DEAC0343SF00048,USAspending + derived procurement model
DENA0002839,SUP-a87c52cc0a23,BUY-ab7aba08e9d6,CAT-ENERGY-UTILITIES,2025-02-09,2025-04-05,closed,USD,17432021005.91,DENA0002839,USAspending + derived procurement model
DEAC0206CH11357,SUP-732c14aa4179,BUY-ab7aba08e9d6,CAT-ENERGY-UTILITIES,2026-07-26,2026-09-17,open,USD,17318912548.91,DEAC0206CH11357,USAspending + derived procurement model
DEAC2701RV14136,SUP-3096a844fee9,BUY-ab7aba08e9d6,CAT-ENERGY-UTILITIES,2025-12-08,2026-04-15,closed,USD,17244586105.74,DEAC2701RV14136,USAspending + derived procurement model
N0002409C2104,SUP-d0f49288a174,BUY-893be9bd11ed,CAT-AEROSPACE-DEFENSE,2026-04-21,2026-08-26,open,USD,16238775949.0,N0002409C2104,USAspending + derived procurement model
NNJ06TA25C,SUP-8d496a253cef,BUY-517085245e38,CAT-AEROSPACE-DEFENSE,2026-08-19,2026-12-17,open,USD,15555973334.93,NNJ06TA25C,USAspending + derived procurement model
DEAC0276SF00515,SUP-8dc79153d72b,BUY-ab7aba08e9d6,CAT-ENERGY-UTILITIES,2025-10-27,2026-01-27,closed,USD,14884413468.37,DEAC0276SF00515,USAspending + derived procurement model
89233018CNR000004,SUP-eb9fab0a3eed,BUY-ab7aba08e9d6,CAT-ENERGY-UTILITIES,2025-04-13,2025-05-24,closed,USD,14781032587.06,89233018CNR000004,USAspending + derived procurement model
N0002418C2130,SUP-eb9fab0a3eed,BUY-893be9bd11ed,CAT-AEROSPACE-DEFENSE,2026-03-05,2026-05-04,closed,USD,14426090803.57,N0002418C2130,USAspending + derived procurement model
FA821920C0006,SUP-edb0c41750f4,BUY-4175d8557aad,CAT-AEROSPACE-DEFENSE,2025-05-09,2025-06-09,closed,USD,13396478923.19,FA821920C0006,USAspending + derived procurement model
HT940212C0001,SUP-d8312f242534,BUY-916e4eb67c8b,CAT-AEROSPACE-DEFENSE,2025-10-23,2025-12-25,closed,USD,13145560374.49,HT940212C0001,USAspending + derived procurement model
N0002416C2116,SUP-9e1f2b902c1e,BUY-893be9bd11ed,CAT-AEROSPACE-DEFENSE,2026-09-09,2026-12-12,open,USD,12569612524.86,N0002416C2116,USAspending + derived procurement model
0005,SUP-34ca7ac6932e,BUY-a481c9d6717b,CAT-AEROSPACE-DEFENSE,2025-02-02,2025-03-21,closed,USD,12568636130.95,0005,USAspending + derived procurement model
N0001916C0033,SUP-349f3299ab87,BUY-68eda450c8b9,CAT-AEROSPACE-DEFENSE,2026-09-15,2027-01-22,open,USD,12269145508.23,N0001916C0033,USAspending + derived procurement model
W15QKN21C0012,SUP-8a4f10d8e253,BUY-a481c9d6717b,CAT-AEROSPACE-DEFENSE,2026-12-05,2027-02-10,open,USD,11110134065.68,W15QKN21C0012,USAspending + derived procurement model
FA861404C2004,SUP-5c8f472899dc,BUY-68eda450c8b9,CAT-AEROSPACE-DEFENSE,2026-05-03,2026-06-22,closed,USD,11086769499.68,FA861404C2004,USAspending + derived procurement model
N0001907C0001,SUP-ed5a0b25b2ee,BUY-68eda450c8b9,CAT-AEROSPACE-DEFENSE,2025-02-16,2025-07-01,closed,USD,11040980157.1,N0001907C0001,USAspending + derived procurement model
DEAC0500OR22800,SUP-76935143f64b,BUY-ab7aba08e9d6,CAT-ENERGY-UTILITIES,2025-01-24,2025-04-12,closed,USD,10985001041.33,DEAC0500OR22800,USAspending + derived procurement model
DEAC3608GO28308,SUP-feed0a99a669,BUY-ab7aba08e9d6,CAT-ENERGY-UTILITIES,2025-10-28,2026-01-29,closed,USD,10790056186.9,DEAC3608GO28308,USAspending + derived procurement model
DEAC2708RV14800,SUP-bf62954b1829,BUY-ab7aba08e9d6,CAT-ENERGY-UTILITIES,2026-07-01,2026-10-06,open,USD,10572204771.54,DEAC2708RV14800,USAspending + derived procurement model
N0001915C0003,SUP-349f3299ab87,BUY-68eda450c8b9,CAT-AEROSPACE-DEFENSE,2025-03-09,2025-05-08,closed,USD,10550927664.07,N0001915C0003,USAspending + derived procurement model
NNM07AB03C,SUP-5c8f472899dc,BUY-517085245e38,CAT-AEROSPACE-DEFENSE,2026-06-21,2026-07-26,open,USD,10513304426.0,NNM07AB03C,USAspending + derived procurement model
W31P4Q20C0023,SUP-349f3299ab87,BUY-a481c9d6717b,CAT-AEROSPACE-DEFENSE,2026-01-12,2026-06-28,closed,USD,10478694385.9,W31P4Q20C0023,USAspending + derived procurement model
F4261098C0001,SUP-4774b5a1ce7a,BUY-4175d8557aad,CAT-AEROSPACE-DEFENSE,2026-04-22,2026-07-27,open,USD,10009419769.13,F4261098C0001,USAspending + derived procurement model
W31P4Q24C0022,SUP-349f3299ab87,BUY-a481c9d6717b,CAT-AEROSPACE-DEFENSE,2026-08-14,2027-01-28,open,USD,9852834751.99,W31P4Q24C0022,USAspending + derived procurement model
FA881113C0003,SUP-01e2fc206909,BUY-68eda450c8b9,CAT-AEROSPACE-DEFENSE,2026-02-11,2026-06-23,closed,USD,9499338750.87,FA881113C0003,USAspending + derived procurement model
N0002403C2101,SUP-d0f49288a174,BUY-893be9bd11ed,CAT-AEROSPACE-DEFENSE,2026-03-05,2026-04-07,closed,USD,9397332305.22,N0002403C2101,USAspending + derived procurement model
HQ014717C0032,SUP-349f3299ab87,BUY-6143d360cdad,CAT-AEROSPACE-DEFENSE,2026-08-15,2026-10-09,open,USD,9080516982.62,HQ014717C0032,USAspending + derived procurement model
F0470102C0002,SUP-8d496a253cef,BUY-68eda450c8b9,CAT-AEROSPACE-DEFENSE,2025-12-19,2026-05-25,closed,USD,9032605785.68,F0470102C0002,USAspending + derived procurement model
0159,SUP-27c51cffaffd,BUY-a481c9d6717b,CAT-AEROSPACE-DEFENSE,2025-09-29,2025-11-14,closed,USD,8949368388.58,0159,USAspending + derived procurement model
FA861108C2897,SUP-349f3299ab87,BUY-68eda450c8b9,CAT-AEROSPACE-DEFENSE,2026-10-24,2026-12-05,open,USD,8821412144.17,FA861108C2897,USAspending + derived procurement model
N0001918C1021,SUP-a47d07471912,BUY-893be9bd11ed,CAT-AEROSPACE-DEFENSE,2025-12-01,2026-01-03,closed,USD,8688654906.89,N0001918C1021,USAspending + derived procurement model
DESC0012704,SUP-68e2ae480e42,BUY-ab7aba08e9d6,CAT-ENERGY-UTILITIES,2026-07-23,2026-10-23,open,USD,8561512218.42,DESC0012704,USAspending + derived procurement model
N0001918C1037,SUP-4774b5a1ce7a,BUY-893be9bd11ed,CAT-AEROSPACE-DEFENSE,2026-05-09,2026-08-28,open,USD,8478019987.67,N0001918C1037,USAspending + derived procurement model
FA880219C0001,SUP-b639fbc33efd,BUY-4175d8557aad,CAT-AEROSPACE-DEFENSE,2025-01-31,2025-05-03,closed,USD,8435320333.07,FA880219C0001,USAspending + derived procurement model
HT940223C0002,SUP-ad6af7e09f0c,BUY-916e4eb67c8b,CAT-AEROSPACE-DEFENSE,2025-07-09,2025-09-24,closed,USD,8304608415.2,HT940223C0002,USAspending + derived procurement model
HT940223C0001,SUP-7719ec3efdd1,BUY-916e4eb67c8b,CAT-AEROSPACE-DEFENSE,2025-04-12,2025-06-23,closed,USD,8302380861.43,HT940223C0001,USAspending + derived procurement model
DEAC0207CH11359,SUP-6c5e6c960e38,BUY-ab7aba08e9d6,CAT-PROFESSIONAL-SERVICES,2026-06-13,2026-09-11,open,USD,8292579520.86,DEAC0207CH11359,USAspending + derived procurement model
N0001921C0020,SUP-349f3299ab87,BUY-68eda450c8b9,CAT-AEROSPACE-DEFENSE,2026-12-29,2027-03-08,open,USD,7953264130.5,N0001921C0020,USAspending + derived procurement model
0139,SUP-27c51cffaffd,BUY-a481c9d6717b,CAT-AEROSPACE-DEFENSE,2026-03-03,2026-06-25,closed,USD,7865825758.15,0139,USAspending + derived procurement model
N0001904C3146,SUP-5c8f472899dc,BUY-893be9bd11ed,CAT-AEROSPACE-DEFENSE,2026-06-13,2026-08-31,open,USD,7633729888.76,N0001904C3146,USAspending + derived procurement model
DENA0003624,SUP-263fbc2441e7,BUY-ab7aba08e9d6,CAT-ENERGY-UTILITIES,2026-09-25,2027-01-08,open,USD,7621715102.82,DENA0003624,USAspending + derived procurement model
N0001920C0011,SUP-a47d07471912,BUY-893be9bd11ed,CAT-AEROSPACE-DEFENSE,2025-09-30,2026-01-27,closed,USD,7498605067.74,N0001920C0011,USAspending + derived procurement model
W58RGZ16C0023,SUP-5c8f472899dc,BUY-a481c9d6717b,CAT-AEROSPACE-DEFENSE,2025-06-12,2025-09-02,closed,USD,7465915207.31,W58RGZ16C0023,USAspending + derived procurement model
FA881018C0005,SUP-8d496a253cef,BUY-4175d8557aad,CAT-AEROSPACE-DEFENSE,2025-06-28,2025-08-22,closed,USD,7437743474.72,FA881018C0005,USAspending + derived procurement model
N0001924C0039,SUP-349f3299ab87,BUY-893be9bd11ed,CAT-AEROSPACE-DEFENSE,2025-09-14,2025-10-30,closed,USD,7379699098.0,N0001924C0039,USAspending + derived procurement model
0004,SUP-63374ed1f372,BUY-a481c9d6717b,CAT-AEROSPACE-DEFENSE,2026-11-14,2027-03-27,open,USD,7376022275.01,0004,USAspending + derived procurement model
N0001912C2001,SUP-ed5a0b25b2ee,BUY-68eda450c8b9,CAT-AEROSPACE-DEFENSE,2025-05-22,2025-09-23,closed,USD,7337457221.95,N0001912C2001,USAspending + derived procurement model
FA862506C6456,SUP-8d496a253cef,BUY-68eda450c8b9,CAT-AEROSPACE-DEFENSE,2026-10-31,2027-01-18,open,USD,7261932653.67,FA862506C6456,USAspending + derived procurement model
FA868224CB001,SUP-349f3299ab87,BUY-4175d8557aad,CAT-AEROSPACE-DEFENSE,2025-04-02,2025-06-03,closed,USD,7202488023.22,FA868224CB001,USAspending + derived procurement model
N0001911C0083,SUP-349f3299ab87,BUY-68eda450c8b9,CAT-AEROSPACE-DEFENSE,2026-12-21,2027-04-19,open,USD,7186135705.16,N0001911C0083,USAspending + derived procurement model
DEAC0608RL14788,SUP-bc5aada23a9f,BUY-ab7aba08e9d6,CAT-ENERGY-UTILITIES,2025-10-04,2026-02-07,closed,USD,7065250859.58,DEAC0608RL14788,USAspending + derived procurement model
N0001914C0002,SUP-349f3299ab87,BUY-68eda450c8b9,CAT-AEROSPACE-DEFENSE,2025-04-20,2025-06-02,closed,USD,6998362070.51,N0001914C0002,USAspending + derived procurement model
N0002423C2307,SUP-52d3423a04fe,BUY-893be9bd11ed,CAT-AEROSPACE-DEFENSE,2025-02-05,2025-08-03,closed,USD,6988080141.83,N0002423C2307,USAspending + derived procurement model
FA863418C2701,SUP-5c8f472899dc,BUY-4175d8557aad,CAT-AEROSPACE-DEFENSE,2026-02-25,2026-05-29,closed,USD,6979382395.76,FA863418C2701,USAspending + derived procurement model
N0002418C2307,SUP-52d3423a04fe,BUY-893be9bd11ed,CAT-AEROSPACE-DEFENSE,2026-01-18,2026-05-28,closed,USD,6888769554.74,N0002418C2307,USAspending + derived procurement model
AIDOAATO1500007,SUP-baf457e602bd,BUY-635589b7f6ef,CAT-LOGISTICS-TRANSPORTATION,2026-01-24,2026-03-03,closed,USD,6723916684.79,AIDOAATO1500007,USAspending + derived procurement model
N0002408C2110,SUP-9e1f2b902c1e,BUY-893be9bd11ed,CAT-AEROSPACE-DEFENSE,2026-06-29,2026-09-16,open,USD,6645710960.11,N0002408C2110,USAspending + derived procurement model
DEAC0909SR22505,SUP-6f59b78e7515,BUY-ab7aba08e9d6,CAT-ENERGY-UTILITIES,2026-04-06,2026-06-12,closed,USD,6626030703.19,DEAC0909SR22505,USAspending + derived procurement model
N0001917C0015,SUP-ed5a0b25b2ee,BUY-68eda450c8b9,CAT-AEROSPACE-DEFENSE,2026-05-11,2026-09-24,open,USD,6597245392.74,N0001917C0015,USAspending + derived procurement model
HQ014712C0004,SUP-5c8f472899dc,BUY-6143d360cdad,CAT-AEROSPACE-DEFENSE,2025-12-25,2026-03-19,closed,USD,6466627868.26,HQ014712C0004,USAspending + derived procurement model
W56HZV15C0095,SUP-114ec563ecc4,BUY-a481c9d6717b,CAT-AEROSPACE-DEFENSE,2026-01-11,2026-05-08,closed,USD,6104204038.29,W56HZV15C0095,USAspending + derived procurement model
N0001906C0081,SUP-70f60d411da8,BUY-893be9bd11ed,CAT-AEROSPACE-DEFENSE,2025-01-04,2025-05-30,closed,USD,6103285531.96,N0001906C0081,USAspending + derived procurement model
0059,SUP-27c51cffaffd,BUY-a481c9d6717b,CAT-AEROSPACE-DEFENSE,2025-12-13,2026-03-31,closed,USD,6062897262.53,0059,USAspending + derived procurement model
N0001913C0008,SUP-349f3299ab87,BUY-893be9bd11ed,CAT-AEROSPACE-DEFENSE,2026-11-11,2027-04-08,open,USD,6035358369.47,N0001913C0008,USAspending + derived procurement model
FA862914C2403,SUP-70f60d411da8,BUY-4175d8557aad,CAT-AEROSPACE-DEFENSE,2025-11-10,2026-01-22,closed,USD,6004579823.04,FA862914C2403,USAspending + derived procurement model
FA862514C6450,SUP-8d496a253cef,BUY-4175d8557aad,CAT-AEROSPACE-DEFENSE,2026-03-27,2026-05-16,closed,USD,5934097111.63,FA862514C6450,USAspending + derived procurement model
N0002416C2229,SUP-942fb95b84d7,BUY-893be9bd11ed,CAT-AEROSPACE-DEFENSE,2025-01-09,2025-05-12,closed,USD,5875634500.23,N0002416C2229,USAspending + derived procurement model
N0002405C5346,SUP-2a8797fde649,BUY-893be9bd11ed,CAT-AEROSPACE-DEFENSE,2025-04-11,2025-10-02,closed,USD,5668542889.12,N0002405C5346,USAspending + derived procurement model
W31P4Q15C0022,SUP-2a8797fde649,BUY-a481c9d6717b,CAT-AEROSPACE-DEFENSE,2026-02-02,2026-04-25,closed,USD,5607558999.34,W31P4Q15C0022,USAspending + derived procurement model
N0001912C0004,SUP-349f3299ab87,BUY-893be9bd11ed,CAT-AEROSPACE-DEFENSE,2025-11-19,2025-12-27,closed,USD,5597451611.0,N0001912C0004,USAspending + derived procurement model
W58RGZ17C0009,SUP-70f60d411da8,BUY-a481c9d6717b,CAT-AEROSPACE-DEFENSE,2025-09-11,2025-11-23,closed,USD,5584742286.87,W58RGZ17C0009,USAspending + derived procurement model
N0001912C0112,SUP-5c8f472899dc,BUY-68eda450c8b9,CAT-AEROSPACE-DEFENSE,2026-01-28,2026-04-07,closed,USD,5544117634.23,N0001912C0112,USAspending + derived procurement model
N0001918C1046,SUP-5c8f472899dc,BUY-893be9bd11ed,CAT-AEROSPACE-DEFENSE,2026-10-04,2026-12-25,open,USD,5496533530.53,N0001918C1046,USAspending + derived procurement model
N0001913C9999,SUP-4774b5a1ce7a,BUY-893be9bd11ed,CAT-AEROSPACE-DEFENSE,2025-02-02,2025-04-16,closed,USD,5374740355.12,N0001913C9999,USAspending + derived procurement model
N0002418C2305,SUP-fe85bbfd492c,BUY-893be9bd11ed,CAT-AEROSPACE-DEFENSE,2026-12-17,2027-01-27,open,USD,5338956970.86,N0002418C2305,USAspending + derived procurement model
FA861520F0001,SUP-349f3299ab87,BUY-4175d8557aad,CAT-AEROSPACE-DEFENSE,2026-09-12,2026-12-15,open,USD,5212953429.32,FA861520F0001,USAspending + derived procurement model
N0003904C2009,SUP-8d496a253cef,BUY-68eda450c8b9,CAT-AEROSPACE-DEFENSE,2026-03-18,2026-06-02,closed,USD,5178428982.51,N0003904C2009,USAspending + derived procurement model
HQ085621C0001,SUP-349f3299ab87,BUY-6143d360cdad,CAT-AEROSPACE-DEFENSE,2026-01-06,2026-05-13,closed,USD,5087761430.18,HQ085621C0001,USAspending + derived procurement model
N0002423C2305,SUP-fe85bbfd492c,BUY-893be9bd11ed,CAT-AEROSPACE-DEFENSE,2026-02-19,2026-06-14,closed,USD,5075716991.0,N0002423C2305,USAspending + derived procurement model
W52P1J09C0013,SUP-507777c8056b,BUY-a481c9d6717b,CAT-AEROSPACE-DEFENSE,2026-03-12,2026-07-12,open,USD,5030576178.6,W52P1J09C0013,USAspending + derived procurement model
N0002411C2300,SUP-349f3299ab87,BUY-893be9bd11ed,CAT-AEROSPACE-DEFENSE,2026-05-28,2026-08-14,open,USD,4980508595.15,N0002411C2300,USAspending + derived procurement model
N0002424C2110,SUP-d0f49288a174,BUY-893be9bd11ed,CAT-AEROSPACE-DEFENSE,2026-01-02,2026-04-09,closed,USD,4960017500.0,N0002424C2110,USAspending + derived procurement model
N0002413C2305,SUP-fe85bbfd492c,BUY-893be9bd11ed,CAT-AEROSPACE-DEFENSE,2026-05-24,2026-09-01,open,USD,4943797753.56,N0002413C2305,USAspending + derived procurement model
N0001993C0006,SUP-39636213bad2,BUY-68eda450c8b9,CAT-AEROSPACE-DEFENSE,2025-05-03,2025-08-23,closed,USD,4885212163.54,N0001993C0006,USAspending + derived procurement model
N0001921C0011,SUP-a47d07471912,BUY-893be9bd11ed,CAT-AEROSPACE-DEFENSE,2025-01-13,2025-03-16,closed,USD,4865962075.84,N0001921C0011,USAspending + derived procurement model
W58RGZ13C0002,SUP-5c8f472899dc,BUY-a481c9d6717b,CAT-AEROSPACE-DEFENSE,2026-11-26,2027-03-08,open,USD,4864238445.89,W58RGZ13C0002,USAspending + derived procurement model
W52P1J10C0062,SUP-60a729f17204,BUY-a481c9d6717b,CAT-AEROSPACE-DEFENSE,2025-10-19,2026-02-22,closed,USD,4815704492.89,W52P1J10C0062,USAspending + derived procurement model
N0002418C2406,SUP-52d3423a04fe,BUY-893be9bd11ed,CAT-AEROSPACE-DEFENSE,2026-09-27,2027-01-04,open,USD,4722995757.0,N0002418C2406,USAspending + derived procurement model
W58RGZ22C0010,SUP-70f60d411da8,BUY-a481c9d6717b,CAT-AEROSPACE-DEFENSE,2026-04-04,2026-08-11,open,USD,4695788015.84,W58RGZ22C0010,USAspending + derived procurement model
NAS1510110,SUP-8e5072a6cdfa,BUY-517085245e38,CAT-AEROSPACE-DEFENSE,2026-11-11,2027-02-27,open,USD,4682328998.9,NAS1510110,USAspending + derived procurement model
0089,SUP-27c51cffaffd,BUY-a481c9d6717b,CAT-AEROSPACE-DEFENSE,2026-10-20,2027-04-10,open,USD,4609561500.42,0089,USAspending + derived procurement model
W31P4Q19C0011,SUP-349f3299ab87,BUY-a481c9d6717b,CAT-AEROSPACE-DEFENSE,2026-02-17,2026-06-29,closed,USD,4583057418.88,W31P4Q19C0011,USAspending + derived procurement model
N0002498C2104,SUP-9e1f2b902c1e,BUY-893be9bd11ed,CAT-AEROSPACE-DEFENSE,2025-10-19,2026-02-06,closed,USD,4563665299.0,N0002498C2104,USAspending + derived procurement model
FA880708C0010,SUP-8d496a253cef,BUY-68eda450c8b9,CAT-AEROSPACE-DEFENSE,2025-08-04,2025-11-11,closed,USD,4545479948.53,FA880708C0010,USAspending + derived procurement model
W52P1J09C0012,SUP-3096a844fee9,BUY-a481c9d6717b,CAT-AEROSPACE-DEFENSE,2025-06-09,2025-10-21,closed,USD,4543287718.31,W52P1J09C0012,USAspending + derived procurement model
N0002409C2116,SUP-9e1f2b902c1e,BUY-893be9bd11ed,CAT-AEROSPACE-DEFENSE,2025-01-22,2025-05-11,closed,USD,4515783647.83,N0002409C2116,USAspending + derived procurement model
N0002415C2114,SUP-9e1f2b902c1e,BUY-893be9bd11ed,CAT-AEROSPACE-DEFENSE,2026-06-14,2026-08-25,open,USD,4500863792.12,N0002415C2114,USAspending + derived procurement model
FA880710C0001,SUP-2a8797fde649,BUY-4175d8557aad,CAT-AEROSPACE-DEFENSE,2026-03-19,2026-06-18,closed,USD,4485110624.14,FA880710C0001,USAspending + derived procurement model
DEAC3010CC40017,SUP-87d8d19cb1e0,BUY-ab7aba08e9d6,CAT-ENERGY-UTILITIES,2025-03-27,2025-05-05,closed,USD,4465824270.16,DEAC3010CC40017,USAspending + derived procurement model
N0002411C2301,SUP-a544e6ce5ce2,BUY-893be9bd11ed,CAT-AEROSPACE-DEFENSE,2025-01-09,2025-03-24,closed,USD,4462893976.64,N0002411C2301,USAspending + derived procurement model
W9124G17C0104,SUP-5d6dcf7c315d,BUY-a481c9d6717b,CAT-AEROSPACE-DEFENSE,2025-05-05,2025-10-24,closed,USD,4445169652.43,W9124G17C0104,USAspending + derived procurement model
HQ014719C0004,SUP-5c8f472899dc,BUY-6143d360cdad,CAT-AEROSPACE-DEFENSE,2026-07-15,2026-09-23,open,USD,4442838457.3,HQ014719C0004,USAspending + derived procurement model
NNM07AA75C,SUP-4774b5a1ce7a,BUY-517085245e38,CAT-AEROSPACE-DEFENSE,2025-08-04,2025-10-26,closed,USD,4430784857.0,NNM07AA75C,USAspending + derived procurement model
FA862511C6597,SUP-8d496a253cef,BUY-68eda450c8b9,CAT-AEROSPACE-DEFENSE,2026-06-27,2026-08-06,open,USD,4410630126.34,FA862511C6597,USAspending + derived procurement model
N0001919C0010,SUP-349f3299ab87,BUY-893be9bd11ed,CAT-AEROSPACE-DEFENSE,2026-08-21,2026-10-18,open,USD,4329669752.97,N0001919C0010,USAspending + derived procurement model
N0002420C2120,SUP-d0f49288a174,BUY-893be9bd11ed,CAT-AEROSPACE-DEFENSE,2026-03-16,2026-08-06,open,USD,4315002657.5,N0002420C2120,USAspending + derived procurement model
W31P4Q14C0034,SUP-349f3299ab87,BUY-a481c9d6717b,CAT-AEROSPACE-DEFENSE,2025-09-07,2025-11-24,closed,USD,4241697570.25,W31P4Q14C0034,USAspending + derived procurement model
HT940213C0009,SUP-8c3fa3fd25f8,BUY-916e4eb67c8b,CAT-AEROSPACE-DEFENSE,2026-03-20,2026-07-09,open,USD,4179844458.04,HT940213C0009,USAspending + derived procurement model
N0001925C0070,SUP-349f3299ab87,BUY-893be9bd11ed,CAT-AEROSPACE-DEFENSE,2025-12-14,2026-03-30,closed,USD,4144374176.0,N0001925C0070,USAspending + derived procurement model
FA880718C0009,SUP-8d496a253cef,BUY-4175d8557aad,CAT-AEROSPACE-DEFENSE,2025-05-09,2025-07-24,closed,USD,4094453903.35,FA880718C0009,USAspending + derived procurement model
FA862516C6599,SUP-5c8f472899dc,BUY-68eda450c8b9,CAT-AEROSPACE-DEFENSE,2026-01-20,2026-07-18,open,USD,4018013174.81,FA862516C6599,USAspending + derived procurement model
N0003019C0025,SUP-8d496a253cef,BUY-893be9bd11ed,CAT-AEROSPACE-DEFENSE,2026-03-06,2026-06-02,closed,USD,4008737351.62,N0003019C0025,USAspending + derived procurement model
FA863423F0048,SUP-5c8f472899dc,BUY-4175d8557aad,CAT-AEROSPACE-DEFENSE,2026-12-08,2027-02-26,open,USD,3933015048.3,FA863423F0048,USAspending + derived procurement model
DESC0004645,SUP-fde8562f39ea,BUY-ab7aba08e9d6,CAT-ENERGY-UTILITIES,2026-11-09,2027-01-15,open,USD,3900788934.07,DESC0004645,USAspending + derived procurement model
N0001908C0028,SUP-349f3299ab87,BUY-68eda450c8b9,CAT-AEROSPACE-DEFENSE,2025-05-15,2025-08-01,closed,USD,3829164350.67,N0001908C0028,USAspending + derived procurement model
FA862518F7027,SUP-8d496a253cef,BUY-4175d8557aad,CAT-AEROSPACE-DEFENSE,2026-05-31,2026-08-20,open,USD,3809704361.36,FA862518F7027,USAspending + derived procurement model
M6785416C0006,SUP-78ad5c8ae84b,BUY-893be9bd11ed,CAT-AEROSPACE-DEFENSE,2026-01-29,2026-05-07,closed,USD,3744444171.0,M6785416C0006,USAspending + derived procurement model
N0002421C2106,SUP-9e1f2b902c1e,BUY-893be9bd11ed,CAT-AEROSPACE-DEFENSE,2026-02-24,2026-04-21,closed,USD,3718736971.67,N0002421C2106,USAspending + derived procurement model
F3365791C0006,SUP-6dcaaead0a49,BUY-68eda450c8b9,CAT-AEROSPACE-DEFENSE,2025-09-05,2025-10-10,closed,USD,3693487225.0,F3365791C0006,USAspending + derived procurement model
FA820518F0001,SUP-349f3299ab87,BUY-4175d8557aad,CAT-AEROSPACE-DEFENSE,2025-07-25,2025-10-02,closed,USD,3667251155.64,FA820518F0001,USAspending + derived procurement model
FA861108C2896,SUP-a47d07471912,BUY-4175d8557aad,CAT-AEROSPACE-DEFENSE,2026-10-20,2026-11-28,open,USD,3648685783.01,FA861108C2896,USAspending + derived procurement model
W58RGZ23C0001,SUP-0d0953f832ba,BUY-a481c9d6717b,CAT-AEROSPACE-DEFENSE,2026-09-24,2027-01-19,open,USD,3631467985.93,W58RGZ23C0001,USAspending + derived procurement model
N0001924C0009,SUP-70f60d411da8,BUY-893be9bd11ed,CAT-AEROSPACE-DEFENSE,2025-04-24,2025-08-04,closed,USD,3605014855.38,N0001924C0009,USAspending + derived procurement model
HT940213C0012,SUP-e0f9bc453e63,BUY-916e4eb67c8b,CAT-AEROSPACE-DEFENSE,2025-06-07,2025-10-11,closed,USD,3588918410.11,HT940213C0012,USAspending + derived procurement model
FA881606C0002,SUP-01e2fc206909,BUY-68eda450c8b9,CAT-AEROSPACE-DEFENSE,2026-04-19,2026-08-22,open,USD,3583485319.19,FA881606C0002,USAspending + derived procurement model
DEAC0609RL14728,SUP-964ad3bfd667,BUY-ab7aba08e9d6,CAT-ENERGY-UTILITIES,2026-06-18,2026-09-07,open,USD,3557405197.21,DEAC0609RL14728,USAspending + derived procurement model
89233224CNA000004,SUP-0db41b56236c,BUY-ab7aba08e9d6,CAT-ENERGY-UTILITIES,2026-12-14,2027-03-14,open,USD,3537634605.97,89233224CNA000004,USAspending + derived procurement model
DAAH2302C0006,SUP-70f60d411da8,BUY-a481c9d6717b,CAT-AEROSPACE-DEFENSE,2025-10-10,2025-11-27,closed,USD,3518890935.97,DAAH2302C0006,USAspending + derived procurement model
75ACF121C00020,SUP-90880c4f1784,BUY-e3a486737e89,CAT-HEALTHCARE-MEDICAL,2025-06-29,2025-08-19,closed,USD,3516373311.63,75ACF121C00020,USAspending + derived procurement model
W58RGZ21C0015,SUP-5c8f472899dc,BUY-a481c9d6717b,CAT-AEROSPACE-DEFENSE,2025-10-20,2025-12-10,closed,USD,3473342446.55,W58RGZ21C0015,USAspending + derived procurement model
FA881018C0006,SUP-4774b5a1ce7a,BUY-4175d8557aad,CAT-AEROSPACE-DEFENSE,2026-06-04,2026-08-11,open,USD,3443980501.13,FA881018C0006,USAspending + derived procurement model
N0001922C0004,SUP-70f60d411da8,BUY-893be9bd11ed,CAT-AEROSPACE-DEFENSE,2026-10-20,2027-04-04,open,USD,3423079306.96,N0001922C0004,USAspending + derived procurement model
FA283424CB002,SUP-18a6b72dedbf,BUY-4175d8557aad,CAT-AEROSPACE-DEFENSE,2025-10-12,2026-01-21,closed,USD,3397359664.05,FA283424CB002,USAspending + derived procurement model
N0002419C2114,SUP-3363fbcdf138,BUY-893be9bd11ed,CAT-AEROSPACE-DEFENSE,2026-01-31,2026-07-07,open,USD,3376284837.0,N0002419C2114,USAspending + derived procurement model
N0002418C2301,SUP-349f3299ab87,BUY-893be9bd11ed,CAT-AEROSPACE-DEFENSE,2025-06-25,2025-09-04,closed,USD,3358164279.83,N0002418C2301,USAspending + derived procurement model
N0002413C2307,SUP-52d3423a04fe,BUY-893be9bd11ed,CAT-AEROSPACE-DEFENSE,2025-11-25,2026-04-23,closed,USD,3345822881.0,N0002413C2307,USAspending + derived procurement model
N0002416C2427,SUP-52d3423a04fe,BUY-893be9bd11ed,CAT-AEROSPACE-DEFENSE,2025-03-19,2025-05-26,closed,USD,3319287897.4,N0002416C2427,USAspending + derived procurement model
N0002406C2303,SUP-fe85bbfd492c,BUY-893be9bd11ed,CAT-AEROSPACE-DEFENSE,2025-04-24,2025-06-18,closed,USD,3309817048.63,N0002406C2303,USAspending + derived procurement model
HQ085124C0001,SUP-2a8797fde649,BUY-68eda450c8b9,CAT-AEROSPACE-DEFENSE,2025-11-02,2026-03-14,closed,USD,3298946355.0,HQ085124C0001,USAspending + derived procurement model
NNM16AA02C,SUP-94a2da1da0ea,BUY-517085245e38,CAT-AEROSPACE-DEFENSE,2025-02-17,2025-03-25,closed,USD,3272481574.49,NNM16AA02C,USAspending + derived procurement model
N0002422C5500,SUP-2a8797fde649,BUY-893be9bd11ed,CAT-AEROSPACE-DEFENSE,2025-09-13,2025-11-06,closed,USD,3265755418.12,N0002422C5500,USAspending + derived procurement model
W31P4Q18C0130,SUP-349f3299ab87,BUY-a481c9d6717b,CAT-AEROSPACE-DEFENSE,2025-03-26,2025-07-21,closed,USD,3158372223.06,W31P4Q18C0130,USAspending + derived procurement model
N0002420C2437,SUP-52d3423a04fe,BUY-893be9bd11ed,CAT-AEROSPACE-DEFENSE,2025-01-15,2025-07-10,closed,USD,3155693794.0,N0002420C2437,USAspending + derived procurement model
N0001914C0032,SUP-5c8f472899dc,BUY-893be9bd11ed,CAT-AEROSPACE-DEFENSE,2026-03-28,2026-07-31,open,USD,3154449062.9,N0001914C0032,USAspending + derived procurement model
FA820523F0501,SUP-349f3299ab87,BUY-4175d8557aad,CAT-AEROSPACE-DEFENSE,2026-02-02,2026-04-15,closed,USD,3150012905.32,FA820523F0501,USAspending + derived procurement model
N0002413C2128,SUP-d0f49288a174,BUY-893be9bd11ed,CAT-AEROSPACE-DEFENSE,2025-05-25,2025-11-13,closed,USD,3145999614.0,N0002413C2128,USAspending + derived procurement model
FA880810C0001,SUP-5c8f472899dc,BUY-4175d8557aad,CAT-AEROSPACE-DEFENSE,2026-09-16,2027-02-02,open,USD,3127786036.39,FA880810C0001,USAspending + derived procurement model
DEAC0506OR23177,SUP-da0a8309a33b,BUY-ab7aba08e9d6,CAT-ENERGY-UTILITIES,2026-05-02,2026-07-27,open,USD,3122899691.31,DEAC0506OR23177,USAspending + derived procurement model
HQ027610C0001,SUP-349f3299ab87,BUY-6143d360cdad,CAT-AEROSPACE-DEFENSE,2025-05-28,2025-08-11,closed,USD,3095877436.03,HQ027610C0001,USAspending + derived procurement model
NSFDACS1219442,SUP-6837eaa64680,BUY-0361b56e206f,CAT-DEFINITIVE-CONTRACT-GENERAL,2026-01-20,2026-04-02,closed,USD,3088721029.93,NSFDACS1219442,USAspending + derived procurement model
DESC0014664,SUP-356acae9fa9e,BUY-ab7aba08e9d6,CAT-ENERGY-UTILITIES,2025-11-06,2026-03-06,closed,USD,3083020287.15,DESC0014664,USAspending + derived procurement model
N6274223F4007,SUP-8fbf9cc725ed,BUY-893be9bd11ed,CAT-AEROSPACE-DEFENSE,2026-05-02,2026-07-06,open,USD,3071962135.15,N6274223F4007,USAspending + derived procurement model
W31P4Q18C0049,SUP-349f3299ab87,BUY-a481c9d6717b,CAT-AEROSPACE-DEFENSE,2026-04-10,2026-05-21,closed,USD,3058790659.63,W31P4Q18C0049,USAspending + derived procurement model
80MSFC20C0034,SUP-4314a79f1fda,BUY-517085245e38,CAT-AEROSPACE-DEFENSE,2026-06-17,2026-09-07,open,USD,3044069154.73,80MSFC20C0034,USAspending + derived procurement model
N0002417C2105,SUP-9e1f2b902c1e,BUY-893be9bd11ed,CAT-AEROSPACE-DEFENSE,2025-02-25,2025-06-04,closed,USD,3038709104.53,N0002417C2105,USAspending + derived procurement model
NNK17MA01T,SUP-4314a79f1fda,BUY-517085245e38,CAT-AEROSPACE-DEFENSE,2025-10-19,2026-01-25,closed,USD,3029850123.69,NNK17MA01T,USAspending + derived procurement model
N0001914C0050,SUP-70f60d411da8,BUY-893be9bd11ed,CAT-AEROSPACE-DEFENSE,2025-09-29,2025-11-28,closed,USD,3010046248.88,N0001914C0050,USAspending + derived procurement model
N0002419C2115,SUP-3363fbcdf138,BUY-893be9bd11ed,CAT-AEROSPACE-DEFENSE,2025-06-24,2025-09-14,closed,USD,3004573964.0,N0002419C2115,USAspending + derived procurement model
N0002498C2107,SUP-9e1f2b902c1e,BUY-893be9bd11ed,CAT-AEROSPACE-DEFENSE,2025-05-03,2025-09-27,closed,USD,3003693920.0,N0002498C2107,USAspending + derived procurement model
N0002416C2431,SUP-52d3423a04fe,BUY-893be9bd11ed,CAT-AEROSPACE-DEFENSE,2025-09-28,2025-11-27,closed,USD,2997306665.94,N0002416C2431,USAspending + derived procurement model
N0002424C2115,SUP-3363fbcdf138,BUY-893be9bd11ed,CAT-AEROSPACE-DEFENSE,2026-09-07,2026-11-21,open,USD,2975601797.0,N0002424C2115,USAspending + derived procurement model
80NM0018F0615,SUP-e67c80701e7b,BUY-517085245e38,CAT-AEROSPACE-DEFENSE,2025-09-08,2025-12-17,closed,USD,2967633551.98,80NM0018F0615,USAspending + derived procurement model
N0002420C2300,SUP-09f0dc02abd9,BUY-893be9bd11ed,CAT-AEROSPACE-DEFENSE,2026-04-18,2026-08-22,open,USD,2957440821.0,N0002420C2300,USAspending + derived procurement model
AIDOAATO1500009,SUP-baf457e602bd,BUY-635589b7f6ef,CAT-LOGISTICS-TRANSPORTATION,2025-02-11,2025-05-30,closed,USD,2925878093.79,AIDOAATO1500009,USAspending + derived procurement model
FA861512C6016,SUP-349f3299ab87,BUY-4175d8557aad,CAT-AEROSPACE-DEFENSE,2026-08-19,2026-11-28,open,USD,2881255653.08,FA861512C6016,USAspending + derived procurement model
N0003024C0100,SUP-349f3299ab87,BUY-893be9bd11ed,CAT-AEROSPACE-DEFENSE,2026-08-03,2026-09-12,open,USD,2876623988.0,N0003024C0100,USAspending + derived procurement model
W56HZV17C0001,SUP-be4832a386e6,BUY-a481c9d6717b,CAT-AEROSPACE-DEFENSE,2026-05-16,2026-08-01,open,USD,2875232202.19,W56HZV17C0001,USAspending + derived procurement model
N0001907C0097,SUP-349f3299ab87,BUY-68eda450c8b9,CAT-AEROSPACE-DEFENSE,2026-09-17,2026-11-18,open,USD,2870976998.8,N0001907C0097,USAspending + derived procurement model
MSFC0199911DNAS800016,SUP-8d496a253cef,BUY-517085245e38,CAT-AEROSPACE-DEFENSE,2026-09-30,2027-03-26,open,USD,2870112487.23,MSFC0199911DNAS800016,USAspending + derived procurement model
W31P4Q17C0006,SUP-349f3299ab87,BUY-a481c9d6717b,CAT-AEROSPACE-DEFENSE,2025-11-17,2026-01-27,closed,USD,2853603995.4,W31P4Q17C0006,USAspending + derived procurement model
70B01C26F00000017,SUP-accfeed20f92,BUY-c6fbcf567ef8,CAT-LOGISTICS-TRANSPORTATION,2026-10-21,2027-01-04,open,USD,2832999611.7,70B01C26F00000017,USAspending + derived procurement model
DEEM0001971,SUP-f3b115757f0c,BUY-ab7aba08e9d6,CAT-ENERGY-UTILITIES,2025-03-07,2025-05-12,closed,USD,2823678826.78,DEEM0001971,USAspending + derived procurement model
N0002417C2301,SUP-a544e6ce5ce2,BUY-893be9bd11ed,CAT-AEROSPACE-DEFENSE,2025-10-02,2025-12-10,closed,USD,2809873984.4,N0002417C2301,USAspending + derived procurement model
FA850512C0001,SUP-5c8f472899dc,BUY-4175d8557aad,CAT-AEROSPACE-DEFENSE,2026-10-06,2027-01-30,open,USD,2806532949.46,FA850512C0001,USAspending + derived procurement model
N0001923C0030,SUP-a47d07471912,BUY-893be9bd11ed,CAT-AEROSPACE-DEFENSE,2025-01-26,2025-07-17,closed,USD,2803077022.26,N0001923C0030,USAspending + derived procurement model
W31P4Q24F0165,SUP-349f3299ab87,BUY-a481c9d6717b,CAT-AEROSPACE-DEFENSE,2026-10-19,2026-12-05,open,USD,2801151369.39,W31P4Q24F0165,USAspending + derived procurement model
75FCMC22C0038,SUP-e62f3ae58b13,BUY-cef66e3ff7af,CAT-HEALTHCARE-MEDICAL,2026-04-17,2026-06-29,closed,USD,2779736793.0,75FCMC22C0038,USAspending + derived procurement model
HQ027615C0003,SUP-2a8797fde649,BUY-6143d360cdad,CAT-AEROSPACE-DEFENSE,2025-11-04,2026-01-16,closed,USD,2760634389.93,HQ027615C0003,USAspending + derived procurement model
N0001924C0025,SUP-5c8f472899dc,BUY-68eda450c8b9,CAT-AEROSPACE-DEFENSE,2025-09-17,2026-01-14,closed,USD,2739718834.0,N0001924C0025,USAspending + derived procurement model
HQ086220C0002,SUP-2a8797fde649,BUY-6143d360cdad,CAT-AEROSPACE-DEFENSE,2026-12-11,2027-02-13,open,USD,2738715982.65,HQ086220C0002,USAspending + derived procurement model
FA873023C0025,SUP-5c8f472899dc,BUY-4175d8557aad,CAT-AEROSPACE-DEFENSE,2025-05-24,2025-11-14,closed,USD,2733467927.0,FA873023C0025,USAspending + derived procurement model
FA824018C7218,SUP-e0ea4b186512,BUY-4175d8557aad,CAT-AEROSPACE-DEFENSE,2025-01-09,2025-03-17,closed,USD,2722542101.18,FA824018C7218,USAspending + derived procurement model
N0002416C2106,SUP-3363fbcdf138,BUY-893be9bd11ed,CAT-AEROSPACE-DEFENSE,2025-08-21,2025-11-28,closed,USD,2708595970.0,N0002416C2106,USAspending + derived procurement model
N0001917C0020,SUP-a47d07471912,BUY-68eda450c8b9,CAT-AEROSPACE-DEFENSE,2025-12-06,2026-02-17,closed,USD,2682738779.93,N0001917C0020,USAspending + derived procurement model
N0002413C2108,SUP-9e1f2b902c1e,BUY-893be9bd11ed,CAT-AEROSPACE-DEFENSE,2026-02-24,2026-05-10,closed,USD,2676691465.0,N0002413C2108,USAspending + derived procurement model
N0001916C0048,SUP-70f60d411da8,BUY-893be9bd11ed,CAT-AEROSPACE-DEFENSE,2026-06-03,2026-09-19,open,USD,2659159500.79,N0001916C0048,USAspending + derived procurement model
70B01C26F00000405,SUP-accfeed20f92,BUY-c6fbcf567ef8,CAT-LOGISTICS-TRANSPORTATION,2025-02-22,2025-08-12,closed,USD,2594040000.0,70B01C26F00000405,USAspending + derived procurement model
N0002409C2107,SUP-9e1f2b902c1e,BUY-893be9bd11ed,CAT-AEROSPACE-DEFENSE,2025-09-14,2026-01-28,closed,USD,2574356598.29,N0002409C2107,USAspending + derived procurement model
N0002411C2306,SUP-fe85bbfd492c,BUY-893be9bd11ed,CAT-AEROSPACE-DEFENSE,2026-05-19,2026-07-17,open,USD,2551812435.0,N0002411C2306,USAspending + derived procurement model
N0002424C2114,SUP-3363fbcdf138,BUY-893be9bd11ed,CAT-AEROSPACE-DEFENSE,2026-05-15,2026-07-06,open,USD,2542667076.0,N0002424C2114,USAspending + derived procurement model
80MSFC20C0052,SUP-5c8f472899dc,BUY-517085245e38,CAT-AEROSPACE-DEFENSE,2025-09-11,2026-01-28,closed,USD,2530079189.0,80MSFC20C0052,USAspending + derived procurement model
GSFC0198106DNAS526555,SUP-868e3fa8a745,BUY-517085245e38,CAT-AEROSPACE-DEFENSE,2025-09-03,2026-02-21,closed,USD,2517978040.0,GSFC0198106DNAS526555,USAspending + derived procurement model
FA867523C0037,SUP-2a8797fde649,BUY-4175d8557aad,CAT-AEROSPACE-DEFENSE,2026-01-16,2026-05-06,closed,USD,2512922035.4,FA867523C0037,USAspending + derived procurement model
N0003022C1025,SUP-8d496a253cef,BUY-893be9bd11ed,CAT-AEROSPACE-DEFENSE,2025-06-16,2025-10-17,closed,USD,2512869709.63,N0003022C1025,USAspending + derived procurement model
W912EP24C0018,SUP-a18825878691,BUY-a481c9d6717b,CAT-AEROSPACE-DEFENSE,2026-10-07,2026-12-05,open,USD,2510603694.68,W912EP24C0018,USAspending + derived procurement model
N0002424C2301,SUP-942fb95b84d7,BUY-893be9bd11ed,CAT-AEROSPACE-DEFENSE,2026-12-05,2027-02-02,open,USD,2502010119.0,N0002424C2301,USAspending + derived procurement model
FA881013C0001,SUP-8d496a253cef,BUY-68eda450c8b9,CAT-AEROSPACE-DEFENSE,2026-06-13,2026-10-25,open,USD,2491233025.25,FA881013C0001,USAspending + derived procurement model
W31P4Q23F0024,SUP-349f3299ab87,BUY-a481c9d6717b,CAT-AEROSPACE-DEFENSE,2025-03-06,2025-07-17,closed,USD,2489288587.67,W31P4Q23F0024,USAspending + derived procurement model
W56HZV23C0024,SUP-be4832a386e6,BUY-a481c9d6717b,CAT-AEROSPACE-DEFENSE,2025-08-20,2025-10-22,closed,USD,2479580090.0,W56HZV23C0024,USAspending + derived procurement model
N0001917C0003,SUP-5c8f472899dc,BUY-68eda450c8b9,CAT-AEROSPACE-DEFENSE,2026-08-31,2026-10-26,open,USD,2444992704.44,N0001917C0003,USAspending + derived procurement model
89303523FEM400032,SUP-f74dd035686e,BUY-ab7aba08e9d6,CAT-LOGISTICS-TRANSPORTATION,2025-08-12,2025-11-21,closed,USD,2409248908.0,89303523FEM400032,USAspending + derived procurement model
89243024CSC000002,SUP-93cd477d9c2e,BUY-ab7aba08e9d6,CAT-ENERGY-UTILITIES,2025-08-03,2025-12-09,closed,USD,2404483872.69,89243024CSC000002,USAspending + derived procurement model
HQ085621C0003,SUP-4774b5a1ce7a,BUY-6143d360cdad,CAT-AEROSPACE-DEFENSE,2025-12-19,2026-05-29,closed,USD,2395436919.18,HQ085621C0003,USAspending + derived procurement model
FA910115C0500,SUP-903aefe84571,BUY-4175d8557aad,CAT-AEROSPACE-DEFENSE,2025-03-09,2025-05-09,closed,USD,2391644528.17,FA910115C0500,USAspending + derived procurement model
89303723FEM400292,SUP-63628c44706b,BUY-ab7aba08e9d6,CAT-LOGISTICS-TRANSPORTATION,2025-09-15,2025-11-10,closed,USD,2373307167.02,89303723FEM400292,USAspending + derived procurement model
N0001919C0013,SUP-349f3299ab87,BUY-893be9bd11ed,CAT-AEROSPACE-DEFENSE,2026-02-07,2026-05-26,closed,USD,2356006918.46,N0001919C0013,USAspending + derived procurement model
W56HZV10C0077,SUP-62bab1e6267d,BUY-a481c9d6717b,CAT-AEROSPACE-DEFENSE,2026-05-31,2026-09-29,open,USD,2344291363.92,W56HZV10C0077,USAspending + derived procurement model
HT940221C0007,SUP-a3ce42103268,BUY-916e4eb67c8b,CAT-AEROSPACE-DEFENSE,2025-05-09,2025-07-07,closed,USD,2329597954.34,HT940221C0007,USAspending + derived procurement model
DAAA0998E0006,SUP-7a969a5f4189,BUY-a481c9d6717b,CAT-AEROSPACE-DEFENSE,2026-08-13,2026-10-05,open,USD,2317804252.92,DAAA0998E0006,USAspending + derived procurement model
N0001920C0047,SUP-70f60d411da8,BUY-893be9bd11ed,CAT-AEROSPACE-DEFENSE,2025-07-05,2025-08-13,closed,USD,2310726485.75,N0001920C0047,USAspending + derived procurement model
19AQMM23F0766,SUP-7fc10aff0f8e,BUY-748ecdfa9095,CAT-LOGISTICS-TRANSPORTATION,2026-06-09,2026-09-25,open,USD,2309491422.64,19AQMM23F0766,USAspending + derived procurement model
W58RGZ26C0002,SUP-5c8f472899dc,BUY-a481c9d6717b,CAT-AEROSPACE-DEFENSE,2025-08-14,2025-10-02,closed,USD,2295831204.0,W58RGZ26C0002,USAspending + derived procurement model
W52P1J19F0394,SUP-27c51cffaffd,BUY-a481c9d6717b,CAT-AEROSPACE-DEFENSE,2025-03-30,2025-05-24,closed,USD,2292772781.18,W52P1J19F0394,USAspending + derived procurement model
FA821413C0001,SUP-04933c5b84a8,BUY-4175d8557aad,CAT-AEROSPACE-DEFENSE,2025-02-18,2025-03-20,closed,USD,2262462537.06,FA821413C0001,USAspending + derived procurement model
FA865925CB003,SUP-2a8797fde649,BUY-4175d8557aad,CAT-AEROSPACE-DEFENSE,2025-03-22,2025-04-21,closed,USD,2248982500.3,FA865925CB003,USAspending + derived procurement model
W31P4Q23C0005,SUP-349f3299ab87,BUY-a481c9d6717b,CAT-AEROSPACE-DEFENSE,2026-12-17,2027-02-09,open,USD,2213842633.09,W31P4Q23C0005,USAspending + derived procurement model
0007-1,SUP-27c51cffaffd,BUY-a481c9d6717b,CAT-AEROSPACE-DEFENSE,2026-11-11,2027-02-26,open,USD,2207263443.51,0007,USAspending + derived procurement model
W52P1J19F0400,SUP-60a729f17204,BUY-a481c9d6717b,CAT-AEROSPACE-DEFENSE,2025-01-21,2025-04-17,closed,USD,2203610702.76,W52P1J19F0400,USAspending + derived procurement model
N0001923F0002,SUP-349f3299ab87,BUY-893be9bd11ed,CAT-AEROSPACE-DEFENSE,2025-03-14,2025-07-19,closed,USD,2198479923.74,N0001923F0002,USAspending + derived procurement model
FA881013C0002,SUP-8d496a253cef,BUY-4175d8557aad,CAT-AEROSPACE-DEFENSE,2026-04-04,2026-06-07,closed,USD,2194921223.67,FA881013C0002,USAspending + derived procurement model
FA867521C0034,SUP-2a8797fde649,BUY-4175d8557aad,CAT-AEROSPACE-DEFENSE,2025-06-11,2025-09-18,closed,USD,2177560015.51,FA867521C0034,USAspending + derived procurement model
DEAC0209CH11466,SUP-0c304a62f995,BUY-ab7aba08e9d6,CAT-ENERGY-UTILITIES,2025-11-07,2026-01-27,closed,USD,2170949215.38,DEAC0209CH11466,USAspending + derived procurement model
HQ085120C0002,SUP-2a8797fde649,BUY-68eda450c8b9,CAT-AEROSPACE-DEFENSE,2026-09-18,2027-01-12,open,USD,2147446227.49,HQ085120C0002,USAspending + derived procurement model
W31P4Q24C0024,SUP-2a8797fde649,BUY-a481c9d6717b,CAT-AEROSPACE-DEFENSE,2026-08-04,2026-09-08,open,USD,2141322930.0,W31P4Q24C0024,USAspending + derived procurement model
HQ027610C0005,SUP-2a8797fde649,BUY-68eda450c8b9,CAT-AEROSPACE-DEFENSE,2025-06-18,2025-10-01,closed,USD,2139893963.44,HQ027610C0005,USAspending + derived procurement model
693KA821F00222,SUP-6786046afc89,BUY-32bb985b1e10,CAT-LOGISTICS-TRANSPORTATION,2025-11-13,2026-04-21,closed,USD,2099573343.09,693KA821F00222,USAspending + derived procurement model
N0001918C1048,SUP-349f3299ab87,BUY-893be9bd11ed,CAT-AEROSPACE-DEFENSE,2025-10-04,2026-03-29,closed,USD,2097972895.35,N0001918C1048,USAspending + derived procurement model
FA862616C2138,SUP-e9392087a873,BUY-4175d8557aad,CAT-AEROSPACE-DEFENSE,2026-05-28,2026-10-02,open,USD,2090921087.07,FA862616C2138,USAspending + derived procurement model
HSCG2316CAFR625,SUP-ef9a0030b066,BUY-f1042bd83adc,CAT-DEFINITIVE-CONTRACT-GENERAL,2026-09-06,2026-10-12,open,USD,2075724899.08,HSCG2316CAFR625,USAspending + derived procurement model
N0002424C2473,SUP-52d3423a04fe,BUY-893be9bd11ed,CAT-AEROSPACE-DEFENSE,2025-09-13,2025-11-12,closed,USD,2067000000.0,N0002424C2473,USAspending + derived procurement model
W56HZV20C0050,SUP-114ec563ecc4,BUY-a481c9d6717b,CAT-AEROSPACE-DEFENSE,2026-08-13,2027-01-21,open,USD,2066003284.43,W56HZV20C0050,USAspending + derived procurement model
N0001920C0003,SUP-5c8f472899dc,BUY-893be9bd11ed,CAT-AEROSPACE-DEFENSE,2026-05-16,2026-08-29,open,USD,2058655011.17,N0001920C0003,USAspending + derived procurement model
FA863422F0035,SUP-5c8f472899dc,BUY-4175d8557aad,CAT-AEROSPACE-DEFENSE,2026-07-17,2026-11-20,open,USD,2039776433.36,FA863422F0035,USAspending + derived procurement model
N0001924C0032,SUP-2a8797fde649,BUY-893be9bd11ed,CAT-AEROSPACE-DEFENSE,2025-10-10,2026-01-11,closed,USD,2037514988.0,N0001924C0032,USAspending + derived procurement model
NNG09HR00C,SUP-8d496a253cef,BUY-517085245e38,CAT-AEROSPACE-DEFENSE,2026-02-04,2026-08-01,open,USD,2032336134.57,NNG09HR00C,USAspending + derived procurement model
N0001996C0054,SUP-39636213bad2,BUY-68eda450c8b9,CAT-AEROSPACE-DEFENSE,2026-05-20,2026-10-01,open,USD,2032188650.77,N0001996C0054,USAspending + derived procurement model
N0002419C2210,SUP-22cc15081efd,BUY-893be9bd11ed,CAT-AEROSPACE-DEFENSE,2026-11-26,2027-03-15,open,USD,2019738356.06,N0002419C2210,USAspending + derived procurement model
DEAC2901AL66444,SUP-73faa2fa378f,BUY-ab7aba08e9d6,CAT-ENERGY-UTILITIES,2026-07-10,2026-09-24,open,USD,2007900739.8,DEAC2901AL66444,USAspending + derived procurement model
W56HZV15CA001,SUP-78ad5c8ae84b,BUY-a481c9d6717b,CAT-AEROSPACE-DEFENSE,2026-01-19,2026-06-23,closed,USD,2006654646.36,W56HZV15CA001,USAspending + derived procurement model
DEFE0011020,SUP-a3e4eb66d66b,BUY-ab7aba08e9d6,CAT-ENERGY-UTILITIES,2026-04-21,2026-10-06,open,USD,1996329703.46,DEFE0011020,USAspending + derived procurement model
FA880615C0001,SUP-e48319034804,BUY-4175d8557aad,CAT-AEROSPACE-DEFENSE,2026-01-24,2026-05-26,closed,USD,1972677478.11,FA880615C0001,USAspending + derived procurement model
N0002406C2115,SUP-9e1f2b902c1e,BUY-893be9bd11ed,CAT-AEROSPACE-DEFENSE,2025-11-26,2026-03-31,closed,USD,1957373076.0,N0002406C2115,USAspending + derived procurement model
FA862518F7028,SUP-8d496a253cef,BUY-4175d8557aad,CAT-AEROSPACE-DEFENSE,2025-12-30,2026-03-15,closed,USD,1949541131.1,FA862518F7028,USAspending + derived procurement model
N0001919F2474,SUP-349f3299ab87,BUY-893be9bd11ed,CAT-AEROSPACE-DEFENSE,2025-06-20,2025-09-18,closed,USD,1940842446.62,N0001919F2474,USAspending + derived procurement model
W911XK22C0006,SUP-12f213789cc8,BUY-a481c9d6717b,CAT-AEROSPACE-DEFENSE,2026-05-28,2026-07-09,open,USD,1936781003.61,W911XK22C0006,USAspending + derived procurement model
80MSFC18C0011,SUP-184ac9783ece,BUY-517085245e38,CAT-AEROSPACE-DEFENSE,2025-10-10,2025-11-15,closed,USD,1930675316.56,80MSFC18C0011,USAspending + derived procurement model
N0001918C1041,SUP-349f3299ab87,BUY-893be9bd11ed,CAT-AEROSPACE-DEFENSE,2026-09-14,2027-01-19,open,USD,1914366871.75,N0001918C1041,USAspending + derived procurement model
N0001920C0032,SUP-349f3299ab87,BUY-893be9bd11ed,CAT-AEROSPACE-DEFENSE,2025-10-19,2026-01-24,closed,USD,1904520982.28,N0001920C0032,USAspending + derived procurement model
N0002407C6119,SUP-2a8797fde649,BUY-68eda450c8b9,CAT-AEROSPACE-DEFENSE,2026-11-01,2027-01-31,open,USD,1904305418.03,N0002407C6119,USAspending + derived procurement model
W58RGZ19C0027,SUP-6651a24ea558,BUY-a481c9d6717b,CAT-AEROSPACE-DEFENSE,2025-07-08,2025-08-13,closed,USD,1896157069.11,W58RGZ19C0027,USAspending + derived procurement model
N0002419C2235,SUP-942fb95b84d7,BUY-893be9bd11ed,CAT-AEROSPACE-DEFENSE,2025-05-10,2025-07-28,closed,USD,1889785638.07,N0002419C2235,USAspending + derived procurement model
HQ027615C0005,SUP-2a8797fde649,BUY-68eda450c8b9,CAT-AEROSPACE-DEFENSE,2026-08-15,2026-10-01,open,USD,1861040363.03,HQ027615C0005,USAspending + derived procurement model
N0001920C0006,SUP-349f3299ab87,BUY-68eda450c8b9,CAT-AEROSPACE-DEFENSE,2025-03-27,2025-07-08,closed,USD,1857559785.7,N0001920C0006,USAspending + derived procurement model
W912PL19C0015,SUP-a35510606816,BUY-a481c9d6717b,CAT-AEROSPACE-DEFENSE,2025-12-06,2026-03-13,closed,USD,1857177427.39,W912PL19C0015,USAspending + derived procurement model
W31P4Q15C0151,SUP-349f3299ab87,BUY-a481c9d6717b,CAT-AEROSPACE-DEFENSE,2025-09-07,2025-10-20,closed,USD,1841506960.81,W31P4Q15C0151,USAspending + derived procurement model
N0001917C0010,SUP-a47d07471912,BUY-893be9bd11ed,CAT-AEROSPACE-DEFENSE,2026-02-24,2026-05-01,closed,USD,1838656695.12,N0001917C0010,USAspending + derived procurement model
DOCDG133E09CN0094,SUP-cb06d174848d,BUY-dd35df2a68d0,CAT-DEFINITIVE-CONTRACT-GENERAL,2025-07-20,2025-10-23,closed,USD,1826088581.86,DOCDG133E09CN0094,USAspending + derived procurement model
N4008521C0077,SUP-9f6ef1fa3511,BUY-893be9bd11ed,CAT-AEROSPACE-DEFENSE,2025-11-13,2025-12-18,closed,USD,1820300099.37,N4008521C0077,USAspending + derived procurement model
N0002413C5116,SUP-349f3299ab87,BUY-893be9bd11ed,CAT-AEROSPACE-DEFENSE,2025-10-25,2025-12-30,closed,USD,1812244593.06,N0002413C5116,USAspending + derived procurement model
N0001919C0008,SUP-4774b5a1ce7a,BUY-893be9bd11ed,CAT-AEROSPACE-DEFENSE,2025-04-24,2025-07-31,closed,USD,1811548807.37,N0001919C0008,USAspending + derived procurement model
N0001918C1012,SUP-5c8f472899dc,BUY-893be9bd11ed,CAT-AEROSPACE-DEFENSE,2025-10-18,2025-11-27,closed,USD,1806623532.79,N0001918C1012,USAspending + derived procurement model
N0001922C0041,SUP-349f3299ab87,BUY-893be9bd11ed,CAT-AEROSPACE-DEFENSE,2025-06-29,2025-08-06,closed,USD,1805581836.44,N0001922C0041,USAspending + derived procurement model
N0001916C0002,SUP-2a8797fde649,BUY-893be9bd11ed,CAT-AEROSPACE-DEFENSE,2026-03-22,2026-05-05,closed,USD,1795489000.0,N0001916C0002,USAspending + derived procurement model
70B01C26F00000073,SUP-accfeed20f92,BUY-c6fbcf567ef8,CAT-LOGISTICS-TRANSPORTATION,2026-07-17,2026-10-09,open,USD,1787500000.0,70B01C26F00000073,USAspending + derived procurement model
N0001913C0023,SUP-0d0953f832ba,BUY-68eda450c8b9,CAT-AEROSPACE-DEFENSE,2025-04-08,2025-05-17,closed,USD,1782171428.98,N0001913C0023,USAspending + derived procurement model
75N91020F00003,SUP-7aca329183b5,BUY-72b43ff898c8,CAT-HEALTHCARE-MEDICAL,2026-03-02,2026-07-07,open,USD,1775380496.13,75N91020F00003,USAspending + derived procurement model
FA867515C0022,SUP-2a8797fde649,BUY-68eda450c8b9,CAT-AEROSPACE-DEFENSE,2026-08-16,2026-12-28,open,USD,1769825200.93,FA867515C0022,USAspending + derived procurement model
N0001915C0031,SUP-349f3299ab87,BUY-893be9bd11ed,CAT-AEROSPACE-DEFENSE,2025-01-15,2025-05-01,closed,USD,1764499475.16,N0001915C0031,USAspending + derived procurement model
75A50120C00034,SUP-06468a81c574,BUY-190e3568696f,CAT-HEALTHCARE-MEDICAL,2026-04-30,2026-07-20,open,USD,1754345480.45,75A50120C00034,USAspending + derived procurement model
80MSFC23CA014,SUP-1380472671a9,BUY-517085245e38,CAT-AEROSPACE-DEFENSE,2025-05-22,2025-06-22,closed,USD,1738511190.15,80MSFC23CA014,USAspending + derived procurement model
FA861517C6047,SUP-4774b5a1ce7a,BUY-4175d8557aad,CAT-AEROSPACE-DEFENSE,2025-08-30,2025-12-27,closed,USD,1730517759.3,FA861517C6047,USAspending + derived procurement model
FA881119C0002,SUP-01e2fc206909,BUY-68eda450c8b9,CAT-AEROSPACE-DEFENSE,2025-05-10,2025-08-07,closed,USD,1728709520.93,FA881119C0002,USAspending + derived procurement model
N0001914C0037,SUP-ee32a3952133,BUY-893be9bd11ed,CAT-AEROSPACE-DEFENSE,2026-12-10,2027-03-10,open,USD,1726726793.3,N0001914C0037,USAspending + derived procurement model
F1962800C0100,SUP-4774b5a1ce7a,BUY-4175d8557aad,CAT-AEROSPACE-DEFENSE,2026-01-13,2026-05-12,closed,USD,1726084211.32,F1962800C0100,USAspending + derived procurement model
70B01C26F00000345,SUP-a35510606816,BUY-c6fbcf567ef8,CAT-LOGISTICS-TRANSPORTATION,2026-08-17,2026-11-18,open,USD,1720040000.0,70B01C26F00000345,USAspending + derived procurement model
89303921FEM400037,SUP-5cf08effaa5b,BUY-ab7aba08e9d6,CAT-LOGISTICS-TRANSPORTATION,2026-04-01,2026-05-21,closed,USD,1701793004.73,89303921FEM400037,USAspending + derived procurement model
DTFAWA10C00080,SUP-15164a1e721d,BUY-32bb985b1e10,CAT-LOGISTICS-TRANSPORTATION,2026-02-19,2026-04-19,closed,USD,1701696966.84,DTFAWA10C00080,USAspending + derived procurement model
W31P4Q19C0076,SUP-e4b6a484b0f5,BUY-a481c9d6717b,CAT-AEROSPACE-DEFENSE,2025-07-22,2025-10-21,closed,USD,1694838191.74,W31P4Q19C0076,USAspending + derived procurement model
N0002414C5315,SUP-2a8797fde649,BUY-893be9bd11ed,CAT-AEROSPACE-DEFENSE,2026-11-09,2027-03-11,open,USD,1671263971.83,N0002414C5315,USAspending + derived procurement model
FA862616C2139,SUP-a47d07471912,BUY-4175d8557aad,CAT-AEROSPACE-DEFENSE,2026-08-08,2026-11-16,open,USD,1651199673.57,FA862616C2139,USAspending + derived procurement model
70B01C26F00000044,SUP-accfeed20f92,BUY-c6fbcf567ef8,CAT-LOGISTICS-TRANSPORTATION,2026-09-08,2026-12-13,open,USD,1650754000.0,70B01C26F00000044,USAspending + derived procurement model
N0002418C2300,SUP-349f3299ab87,BUY-893be9bd11ed,CAT-AEROSPACE-DEFENSE,2026-03-16,2026-05-27,closed,USD,1627050048.52,N0002418C2300,USAspending + derived procurement model
N0001915C0114,SUP-349f3299ab87,BUY-893be9bd11ed,CAT-AEROSPACE-DEFENSE,2026-11-16,2027-01-03,open,USD,1621042892.68,N0001915C0114,USAspending + derived procurement model
N6852022F7005,SUP-9127c686d45b,BUY-68eda450c8b9,CAT-AEROSPACE-DEFENSE,2025-06-25,2025-09-19,closed,USD,1618155659.08,N6852022F7005,USAspending + derived procurement model
NNH15CN76C,SUP-4774b5a1ce7a,BUY-517085245e38,CAT-AEROSPACE-DEFENSE,2026-07-16,2026-10-20,open,USD,1614792955.3,NNH15CN76C,USAspending + derived procurement model
W31P4Q23F0006,SUP-349f3299ab87,BUY-a481c9d6717b,CAT-AEROSPACE-DEFENSE,2026-12-24,2027-02-11,open,USD,1611793487.23,W31P4Q23F0006,USAspending + derived procurement model
W31P4Q23C0036,SUP-2a8797fde649,BUY-a481c9d6717b,CAT-AEROSPACE-DEFENSE,2025-01-27,2025-05-25,closed,USD,1607872304.74,W31P4Q23C0036,USAspending + derived procurement model
80NM0021F0008,SUP-e67c80701e7b,BUY-517085245e38,CAT-AEROSPACE-DEFENSE,2026-08-23,2027-02-12,open,USD,1604322463.0,80NM0021F0008,USAspending + derived procurement model
0007-2,SUP-77f97e36b1d9,BUY-4175d8557aad,CAT-AEROSPACE-DEFENSE,2026-11-20,2027-04-14,open,USD,1594101040.69,0007,USAspending + derived procurement model
89303321CEM000080,SUP-658e52f9ce49,BUY-ab7aba08e9d6,CAT-ENERGY-UTILITIES,2026-12-22,2027-04-29,open,USD,1593068301.18,89303321CEM000080,USAspending + derived procurement model
36C10B22F0089,SUP-03d93207cb5a,BUY-a52c9cb754d6,CAT-IT,2025-06-14,2025-07-23,closed,USD,1590136261.87,36C10B22F0089,USAspending + derived procurement model
70B01C26F00000292,SUP-eb26c506a5ae,BUY-c6fbcf567ef8,CAT-CONSTRUCTION-FACILITIES,2025-10-18,2026-01-28,closed,USD,1585324926.0,70B01C26F00000292,USAspending + derived procurement model
HSCG2314CAPC002,SUP-ab6e3537225d,BUY-f1042bd83adc,CAT-CONSTRUCTION-FACILITIES,2026-08-18,2026-11-09,open,USD,1578692803.24,HSCG2314CAPC002,USAspending + derived procurement model
FA861120F1010,SUP-a47d07471912,BUY-4175d8557aad,CAT-AEROSPACE-DEFENSE,2026-01-21,2026-03-24,closed,USD,1573148446.22,FA861120F1010,USAspending + derived procurement model
DTFA0102D03006CALL0001,SUP-6786046afc89,BUY-32bb985b1e10,CAT-LOGISTICS-TRANSPORTATION,2025-05-14,2025-08-15,closed,USD,1568875082.68,DTFA0102D03006CALL0001,USAspending + derived procurement model
HT940213C0008,SUP-9f144e09533a,BUY-916e4eb67c8b,CAT-AEROSPACE-DEFENSE,2026-05-28,2026-07-16,open,USD,1564810239.08,HT940213C0008,USAspending + derived procurement model
FA862524F3034,SUP-8d496a253cef,BUY-4175d8557aad,CAT-AEROSPACE-DEFENSE,2025-05-18,2025-09-29,closed,USD,1564462687.0,FA862524F3034,USAspending + derived procurement model
W90BRJ15C0004,SUP-84e37244e9bd,BUY-a481c9d6717b,CAT-AEROSPACE-DEFENSE,2026-07-15,2026-10-04,open,USD,1558808139.13,W90BRJ15C0004,USAspending + derived procurement model
89304223FEM400000,SUP-29a41a2a6714,BUY-ab7aba08e9d6,CAT-LOGISTICS-TRANSPORTATION,2025-12-14,2026-02-05,closed,USD,1554869544.09,89304223FEM400000,USAspending + derived procurement model
N0001922F0030,SUP-5c8f472899dc,BUY-893be9bd11ed,CAT-AEROSPACE-DEFENSE,2026-01-08,2026-03-15,closed,USD,1553797869.15,N0001922F0030,USAspending + derived procurement model
W58RGZ08C0023,SUP-eb0793ac1f13,BUY-a481c9d6717b,CAT-AEROSPACE-DEFENSE,2025-08-19,2025-12-17,closed,USD,1551565403.77,W58RGZ08C0023,USAspending + derived procurement model
80KSC019C0013,SUP-3096a844fee9,BUY-517085245e38,CAT-AEROSPACE-DEFENSE,2026-01-03,2026-03-19,closed,USD,1550689354.01,80KSC019C0013,USAspending + derived procurement model
NAS503127,SUP-868e3fa8a745,BUY-517085245e38,CAT-AEROSPACE-DEFENSE,2025-01-18,2025-04-07,closed,USD,1549311664.49,NAS503127,USAspending + derived procurement model
19AQMM18C0185,SUP-0e35d0249b5e,BUY-748ecdfa9095,CAT-IT,2026-01-08,2026-02-11,closed,USD,1546101315.62,19AQMM18C0185,USAspending + derived procurement model
N0001918C1060,SUP-5c8f472899dc,BUY-68eda450c8b9,CAT-AEROSPACE-DEFENSE,2026-06-28,2026-12-03,open,USD,1518660771.0,N0001918C1060,USAspending + derived procurement model
N0002415C4301,SUP-9e1f2b902c1e,BUY-893be9bd11ed,CAT-AEROSPACE-DEFENSE,2025-09-14,2026-01-13,closed,USD,1514555869.0,N0002415C4301,USAspending + derived procurement model
M6785419C0043,SUP-4774b5a1ce7a,BUY-893be9bd11ed,CAT-AEROSPACE-DEFENSE,2025-03-24,2025-08-23,closed,USD,1511353721.66,M6785419C0043,USAspending + derived procurement model
HQ014711C0006,SUP-4774b5a1ce7a,BUY-6143d360cdad,CAT-AEROSPACE-DEFENSE,2026-08-07,2027-01-23,open,USD,1510737189.71,HQ014711C0006,USAspending + derived procurement model
EDFSA15C0006,SUP-16ae68a721b3,BUY-e17b82a29d6e,CAT-DEFINITIVE-CONTRACT-GENERAL,2025-11-06,2025-12-12,closed,USD,1507684723.07,EDFSA15C0006,USAspending + derived procurement model
DTFAWA12C00064,SUP-f4ad7ddf985a,BUY-32bb985b1e10,CAT-LOGISTICS-TRANSPORTATION,2026-06-12,2026-08-01,open,USD,1499977355.14,DTFAWA12C00064,USAspending + derived procurement model
80GSFC19C0063,SUP-8c40939f3f2d,BUY-517085245e38,CAT-AEROSPACE-DEFENSE,2026-04-17,2026-09-21,open,USD,1499608688.36,80GSFC19C0063,USAspending + derived procurement model
36C10B18N0003,SUP-89f8b9ad1295,BUY-a52c9cb754d6,CAT-HEALTHCARE-MEDICAL,2025-10-11,2025-12-02,closed,USD,1496628663.21,36C10B18N0003,USAspending + derived procurement model
W52P1J19F0402,SUP-60a729f17204,BUY-a481c9d6717b,CAT-AEROSPACE-DEFENSE,2025-04-25,2025-08-11,closed,USD,1493875576.56,W52P1J19F0402,USAspending + derived procurement model
W15QKN13C0074,SUP-4774b5a1ce7a,BUY-a481c9d6717b,CAT-AEROSPACE-DEFENSE,2025-06-27,2025-10-18,closed,USD,1490942764.8,W15QKN13C0074,USAspending + derived procurement model
FA860926FB002,SUP-5c8f472899dc,BUY-4175d8557aad,CAT-AEROSPACE-DEFENSE,2026-07-24,2026-10-20,open,USD,1484114000.0,FA860926FB002,USAspending + derived procurement model
HT940223C0006,SUP-8c3fa3fd25f8,BUY-916e4eb67c8b,CAT-AEROSPACE-DEFENSE,2025-12-29,2026-03-07,closed,USD,1480800000.0,HT940223C0006,USAspending + derived procurement model
DOC003,SUP-da6d092c14b8,BUY-4f23202cb21c,CAT-BPA-CALL-GENERAL,2026-07-01,2026-10-23,open,USD,1480169956.14,DOC003,USAspending + derived procurement model
70B01C26C00000006,SUP-5ed9d1571df7,BUY-c6fbcf567ef8,CAT-DEFINITIVE-CONTRACT-GENERAL,2026-03-11,2026-06-07,closed,USD,1474828685.83,70B01C26C00000006,USAspending + derived procurement model
N0002423C5403,SUP-47b729ec277c,BUY-893be9bd11ed,CAT-AEROSPACE-DEFENSE,2026-08-19,2026-11-20,open,USD,1472521136.67,N0002423C5403,USAspending + derived procurement model
80NM0018F0850,SUP-e67c80701e7b,BUY-517085245e38,CAT-AEROSPACE-DEFENSE,2026-12-18,2027-04-05,open,USD,1470526588.34,80NM0018F0850,USAspending + derived procurement model
FA870219F0001,SUP-77f97e36b1d9,BUY-4175d8557aad,CAT-AEROSPACE-DEFENSE,2026-11-16,2027-02-02,open,USD,1469693798.1,FA870219F0001,USAspending + derived procurement model
N0002416C2111,SUP-d0f49288a174,BUY-893be9bd11ed,CAT-AEROSPACE-DEFENSE,2026-06-01,2026-07-23,open,USD,1468509369.0,N0002416C2111,USAspending + derived procurement model
HT940213C0007,SUP-a7209b29e9c4,BUY-916e4eb67c8b,CAT-AEROSPACE-DEFENSE,2025-11-22,2026-03-09,closed,USD,1467822926.94,HT940213C0007,USAspending + derived procurement model
HSCG2316CADB016,SUP-52d3423a04fe,BUY-f1042bd83adc,CAT-DEFINITIVE-CONTRACT-GENERAL,2025-08-03,2025-09-10,closed,USD,1460701662.72,HSCG2316CADB016,USAspending + derived procurement model
HQ085121C0001,SUP-349f3299ab87,BUY-6143d360cdad,CAT-AEROSPACE-DEFENSE,2025-06-22,2025-07-27,closed,USD,1453527651.73,HQ085121C0001,USAspending + derived procurement model
NNJ10TB01C,SUP-4e302672289c,BUY-517085245e38,CAT-AEROSPACE-DEFENSE,2025-08-27,2026-01-08,closed,USD,1451665745.1,NNJ10TB01C,USAspending + derived procurement model
W31P4Q25F0080,SUP-349f3299ab87,BUY-a481c9d6717b,CAT-AEROSPACE-DEFENSE,2025-04-02,2025-07-17,closed,USD,1448823842.98,W31P4Q25F0080,USAspending + derived procurement model
W912GB10C0031,SUP-896b5198604c,BUY-a481c9d6717b,CAT-AEROSPACE-DEFENSE,2026-03-11,2026-04-16,closed,USD,1448239262.48,W912GB10C0031,USAspending + derived procurement model
N0001917C0045,SUP-349f3299ab87,BUY-893be9bd11ed,CAT-AEROSPACE-DEFENSE,2025-02-01,2025-04-27,closed,USD,1443726578.57,N0001917C0045,USAspending + derived procurement model
N0002423C2452,SUP-c5caf8f510da,BUY-893be9bd11ed,CAT-AEROSPACE-DEFENSE,2026-05-04,2026-07-08,open,USD,1436316386.0,N0002423C2452,USAspending + derived procurement model
47QFSA20F0057,SUP-fe306d4bce77,BUY-eb9205aaffb7,CAT-LOGISTICS-TRANSPORTATION,2026-07-22,2026-11-23,open,USD,1432945155.91,47QFSA20F0057,USAspending + derived procurement model
HHSO100200900101C,SUP-1bf2f083c534,BUY-190e3568696f,CAT-HEALTHCARE-MEDICAL,2026-05-25,2026-08-07,open,USD,1430622665.0,HHSO100200900101C,USAspending + derived procurement model
36C10B22N0051EHRM,SUP-89f8b9ad1295,BUY-a52c9cb754d6,CAT-HEALTHCARE-MEDICAL,2026-11-30,2027-02-19,open,USD,1424879474.43,36C10B22N0051EHRM,USAspending + derived procurement model
FA882321C0001,SUP-8d496a253cef,BUY-4175d8557aad,CAT-AEROSPACE-DEFENSE,2025-06-23,2025-09-09,closed,USD,1424651424.09,FA882321C0001,USAspending + derived procurement model
N0002420C5405,SUP-2a8797fde649,BUY-68eda450c8b9,CAT-AEROSPACE-DEFENSE,2026-06-02,2026-09-05,open,USD,1418484083.6,N0002420C5405,USAspending + derived procurement model
N0002410C2118,SUP-d0f49288a174,BUY-893be9bd11ed,CAT-AEROSPACE-DEFENSE,2026-07-29,2027-01-22,open,USD,1418130936.0,N0002410C2118,USAspending + derived procurement model
FA865622FA071,SUP-2a8797fde649,BUY-4175d8557aad,CAT-AEROSPACE-DEFENSE,2026-11-06,2027-02-28,open,USD,1411745212.76,FA865622FA071,USAspending + derived procurement model
N0002420C5519,SUP-4774b5a1ce7a,BUY-68eda450c8b9,CAT-AEROSPACE-DEFENSE,2026-09-06,2026-12-04,open,USD,1409895949.82,N0002420C5519,USAspending + derived procurement model
36C24026K1002,SUP-a1a6dfdeba70,BUY-a52c9cb754d6,CAT-LOGISTICS-TRANSPORTATION,2025-01-12,2025-02-18,closed,USD,1406868182.35,36C24026K1002,USAspending + derived procurement model
70Z02322C93220001,SUP-a544e6ce5ce2,BUY-f1042bd83adc,CAT-DEFINITIVE-CONTRACT-GENERAL,2025-09-12,2025-12-06,closed,USD,1402431080.84,70Z02322C93220001,USAspending + derived procurement model
HQ085121C0002,SUP-349f3299ab87,BUY-6143d360cdad,CAT-AEROSPACE-DEFENSE,2025-06-12,2025-10-06,closed,USD,1401875693.1,HQ085121C0002,USAspending + derived procurement model
FA863416C2653,SUP-5c8f472899dc,BUY-4175d8557aad,CAT-AEROSPACE-DEFENSE,2026-12-05,2027-03-03,open,USD,1399773518.14,FA863416C2653,USAspending + derived procurement model
N0002421C5408,SUP-2a8797fde649,BUY-893be9bd11ed,CAT-AEROSPACE-DEFENSE,2025-07-04,2025-10-18,closed,USD,1398663146.82,N0002421C5408,USAspending + derived procurement model
FA873918C5030,SUP-5c8f472899dc,BUY-4175d8557aad,CAT-AEROSPACE-DEFENSE,2025-10-01,2026-02-09,closed,USD,1391231787.04,FA873918C5030,USAspending + derived procurement model
HHSO100201600030C,SUP-2095659fd30b,BUY-190e3568696f,CAT-HEALTHCARE-MEDICAL,2026-05-30,2026-10-05,open,USD,1385742139.1,HHSO100201600030C,USAspending + derived procurement model
89303925FEM400064,SUP-cacf4326bae5,BUY-ab7aba08e9d6,CAT-LOGISTICS-TRANSPORTATION,2026-04-27,2026-09-28,open,USD,1385702409.03,89303925FEM400064,USAspending + derived procurement model
N0002424C5408,SUP-2a8797fde649,BUY-68eda450c8b9,CAT-AEROSPACE-DEFENSE,2025-07-23,2025-11-08,closed,USD,1380494831.69,N0002424C5408,USAspending + derived procurement model
47QFCA21F0018,SUP-4b808cba243c,BUY-eb9205aaffb7,CAT-LOGISTICS-TRANSPORTATION,2026-06-02,2026-11-08,open,USD,1379603153.12,47QFCA21F0018,USAspending + derived procurement model
N0002419C2125,SUP-d0f49288a174,BUY-893be9bd11ed,CAT-AEROSPACE-DEFENSE,2026-02-19,2026-08-01,open,USD,1370352119.0,N0002419C2125,USAspending + derived procurement model
N0001921C0723,SUP-2a8797fde649,BUY-893be9bd11ed,CAT-AEROSPACE-DEFENSE,2026-09-30,2026-11-03,open,USD,1368878887.0,N0001921C0723,USAspending + derived procurement model
HT940213C0011,SUP-a1394f456d50,BUY-916e4eb67c8b,CAT-AEROSPACE-DEFENSE,2026-06-14,2026-11-02,open,USD,1368144402.35,HT940213C0011,USAspending + derived procurement model
36C10B21N10070021,SUP-4b808cba243c,BUY-a52c9cb754d6,CAT-LOGISTICS-TRANSPORTATION,2026-10-30,2027-01-04,open,USD,1365285599.63,36C10B21N10070021,USAspending + derived procurement model
W58RGZ22C0022,SUP-7661897ce151,BUY-a481c9d6717b,CAT-AEROSPACE-DEFENSE,2025-02-15,2025-06-16,closed,USD,1364416825.87,W58RGZ22C0022,USAspending + derived procurement model
W31P4Q17C0194,SUP-2a8797fde649,BUY-a481c9d6717b,CAT-AEROSPACE-DEFENSE,2025-06-05,2025-09-16,closed,USD,1360500677.86,W31P4Q17C0194,USAspending + derived procurement model
W56HZV19C0036,SUP-c4a80f236b95,BUY-a481c9d6717b,CAT-AEROSPACE-DEFENSE,2025-01-27,2025-03-25,closed,USD,1354513227.42,W56HZV19C0036,USAspending + derived procurement model
FA861118F1001,SUP-a47d07471912,BUY-4175d8557aad,CAT-AEROSPACE-DEFENSE,2025-02-08,2025-04-26,closed,USD,1353542573.3,FA861118F1001,USAspending + derived procurement model
HQ014716C0011,SUP-349f3299ab87,BUY-6143d360cdad,CAT-AEROSPACE-DEFENSE,2026-09-27,2026-11-15,open,USD,1350071468.22,HQ014716C0011,USAspending + derived procurement model
MSFC0200308DNAS803060,SUP-f325ef66fced,BUY-517085245e38,CAT-AEROSPACE-DEFENSE,2025-12-14,2026-02-11,closed,USD,1347228052.0,MSFC0200308DNAS803060,USAspending + derived procurement model
W31P4Q09C0057,SUP-2a8797fde649,BUY-a481c9d6717b,CAT-AEROSPACE-DEFENSE,2025-02-09,2025-05-18,closed,USD,1346571568.94,W31P4Q09C0057,USAspending + derived procurement model
FA873017C0010,SUP-2a8797fde649,BUY-4175d8557aad,CAT-AEROSPACE-DEFENSE,2026-09-23,2026-12-20,open,USD,1342453948.6,FA873017C0010,USAspending + derived procurement model
FA863422C2705,SUP-5c8f472899dc,BUY-4175d8557aad,CAT-AEROSPACE-DEFENSE,2025-10-24,2026-02-03,closed,USD,1340601122.71,FA863422C2705,USAspending + derived procurement model
FA881606C0001,SUP-01e2fc206909,BUY-68eda450c8b9,CAT-AEROSPACE-DEFENSE,2025-01-30,2025-03-18,closed,USD,1339145593.92,FA881606C0001,USAspending + derived procurement model
N0002414C5114,SUP-349f3299ab87,BUY-893be9bd11ed,CAT-AEROSPACE-DEFENSE,2025-04-24,2025-08-28,closed,USD,1339010249.77,N0002414C5114,USAspending + derived procurement model
N0001918C1068,SUP-2a8797fde649,BUY-893be9bd11ed,CAT-AEROSPACE-DEFENSE,2026-07-06,2026-10-13,open,USD,1338242251.0,N0001918C1068,USAspending + derived procurement model
FA868118C0021,SUP-349f3299ab87,BUY-4175d8557aad,CAT-AEROSPACE-DEFENSE,2025-08-16,2025-10-07,closed,USD,1334629676.0,FA868118C0021,USAspending + derived procurement model
N0002420C4312,SUP-d0f49288a174,BUY-893be9bd11ed,CAT-AEROSPACE-DEFENSE,2025-11-16,2026-02-15,closed,USD,1332958326.0,N0002420C4312,USAspending + derived procurement model
HQ014712C0006,SUP-2a8797fde649,BUY-6143d360cdad,CAT-AEROSPACE-DEFENSE,2026-05-27,2026-09-20,open,USD,1327248619.9,HQ014712C0006,USAspending + derived procurement model
70B01C26F00000385,SUP-e06ef067403b,BUY-c6fbcf567ef8,CAT-LOGISTICS-TRANSPORTATION,2026-06-12,2026-08-23,open,USD,1313227200.0,70B01C26F00000385,USAspending + derived procurement model
FA860918F0006,SUP-5c8f472899dc,BUY-4175d8557aad,CAT-AEROSPACE-DEFENSE,2026-08-18,2026-10-21,open,USD,1305571332.0,FA860918F0006,USAspending + derived procurement model
W91RUS13C0006,SUP-60a729f17204,BUY-a481c9d6717b,CAT-AEROSPACE-DEFENSE,2025-11-16,2026-04-24,closed,USD,1300868234.87,W91RUS13C0006,USAspending + derived procurement model
W58RGZ12C0055,SUP-5c8f472899dc,BUY-a481c9d6717b,CAT-AEROSPACE-DEFENSE,2025-01-14,2025-06-09,closed,USD,1298998009.26,W58RGZ12C0055,USAspending + derived procurement model
FA867518C0003,SUP-2a8797fde649,BUY-68eda450c8b9,CAT-AEROSPACE-DEFENSE,2026-01-29,2026-04-02,closed,USD,1298123153.0,FA867518C0003,USAspending + derived procurement model
FA810720F0001,SUP-5c8f472899dc,BUY-4175d8557aad,CAT-AEROSPACE-DEFENSE,2025-02-20,2025-06-15,closed,USD,1295454473.3,FA810720F0001,USAspending + derived procurement model
HT940223C0007,SUP-e0f9bc453e63,BUY-916e4eb67c8b,CAT-AEROSPACE-DEFENSE,2025-02-18,2025-06-27,closed,USD,1292986774.0,HT940223C0007,USAspending + derived procurement model
N0003023C0100,SUP-349f3299ab87,BUY-68eda450c8b9,CAT-AEROSPACE-DEFENSE,2026-04-04,2026-09-16,open,USD,1285393895.0,N0003023C0100,USAspending + derived procurement model
FA248616C0002,SUP-4617c5c9da46,BUY-4175d8557aad,CAT-AEROSPACE-DEFENSE,2026-09-19,2027-01-04,open,USD,1283851515.8,FA248616C0002,USAspending + derived procurement model
FA882320C0004,SUP-cb06d174848d,BUY-4175d8557aad,CAT-AEROSPACE-DEFENSE,2025-02-25,2025-04-01,closed,USD,1283781354.76,FA882320C0004,USAspending + derived procurement model
80NM0018F0616,SUP-e67c80701e7b,BUY-517085245e38,CAT-AEROSPACE-DEFENSE,2026-06-18,2026-09-04,open,USD,1283731662.01,80NM0018F0616,USAspending + derived procurement model
36C10A20F0309,SUP-55a2704d96c8,BUY-a52c9cb754d6,CAT-LOGISTICS-TRANSPORTATION,2026-03-20,2026-06-03,closed,USD,1278978650.79,36C10A20F0309,USAspending + derived procurement model
80MSFC22F0048,SUP-f1e5b6bc67a8,BUY-517085245e38,CAT-AEROSPACE-DEFENSE,2025-05-26,2025-09-12,closed,USD,1274597995.0,80MSFC22F0048,USAspending + derived procurement model
FA877223F0001,SUP-d2bcd303115a,BUY-4175d8557aad,CAT-AEROSPACE-DEFENSE,2025-10-21,2026-03-29,closed,USD,1271592441.44,FA877223F0001,USAspending + derived procurement model
NNM12AA82C,SUP-5c8f472899dc,BUY-517085245e38,CAT-AEROSPACE-DEFENSE,2025-03-04,2025-06-20,closed,USD,1270420376.0,NNM12AA82C,USAspending + derived procurement model
HHSO100201700019C,SUP-236c2d25dffe,BUY-190e3568696f,CAT-HEALTHCARE-MEDICAL,2025-03-19,2025-05-14,closed,USD,1264240981.0,HHSO100201700019C,USAspending + derived procurement model
0003,SUP-63374ed1f372,BUY-a481c9d6717b,CAT-AEROSPACE-DEFENSE,2026-08-07,2026-09-15,open,USD,1263404926.59,0003,USAspending + derived procurement model
70Z02326C93210002,SUP-ef9a0030b066,BUY-f1042bd83adc,CAT-DEFINITIVE-CONTRACT-GENERAL,2025-03-05,2025-05-03,closed,USD,1263355000.0,70Z02326C93210002,USAspending + derived procurement model
W56HZV07C0096,SUP-be4832a386e6,BUY-a481c9d6717b,CAT-AEROSPACE-DEFENSE,2025-12-04,2026-02-05,closed,USD,1261127656.32,W56HZV07C0096,USAspending + derived procurement model
70B01C23F00000067,SUP-54f4c551c841,BUY-c6fbcf567ef8,CAT-BPA-CALL-GENERAL,2025-06-19,2025-09-08,closed,USD,1260570510.94,70B01C23F00000067,USAspending + derived procurement model
W31P4Q23F0177,SUP-e4b6a484b0f5,BUY-a481c9d6717b,CAT-AEROSPACE-DEFENSE,2026-07-20,2026-11-19,open,USD,1254528790.97,W31P4Q23F0177,USAspending + derived procurement model
N0003019C0100,SUP-349f3299ab87,BUY-68eda450c8b9,CAT-AEROSPACE-DEFENSE,2026-02-12,2026-07-26,open,USD,1253498024.34,N0003019C0100,USAspending + derived procurement model
N0002419C2227,SUP-a544e6ce5ce2,BUY-893be9bd11ed,CAT-AEROSPACE-DEFENSE,2026-09-15,2026-11-08,open,USD,1245592803.0,N0002419C2227,USAspending + derived procurement model
DTFA0102D03006CALL0016,SUP-6786046afc89,BUY-32bb985b1e10,CAT-LOGISTICS-TRANSPORTATION,2025-01-14,2025-05-21,closed,USD,1240364575.99,DTFA0102D03006CALL0016,USAspending + derived procurement model
FA862622C0002,SUP-e9392087a873,BUY-68eda450c8b9,CAT-AEROSPACE-DEFENSE,2026-06-03,2026-09-17,open,USD,1239591515.75,FA862622C0002,USAspending + derived procurement model
W31P4Q19C0092,SUP-349f3299ab87,BUY-a481c9d6717b,CAT-AEROSPACE-DEFENSE,2025-10-18,2025-12-07,closed,USD,1229296451.81,W31P4Q19C0092,USAspending + derived procurement model
W31P4Q23C0021,SUP-2a8797fde649,BUY-a481c9d6717b,CAT-AEROSPACE-DEFENSE,2026-01-25,2026-03-23,closed,USD,1226657656.16,W31P4Q23C0021,USAspending + derived procurement model
NNG10XA05C,SUP-2a8797fde649,BUY-517085245e38,CAT-AEROSPACE-DEFENSE,2025-11-05,2026-04-17,closed,USD,1226055499.67,NNG10XA05C,USAspending + derived procurement model
70B01C25F00001112,SUP-accfeed20f92,BUY-c6fbcf567ef8,CAT-LOGISTICS-TRANSPORTATION,2026-06-12,2026-09-20,open,USD,1225325000.0,70B01C25F00001112,USAspending + derived procurement model
N0003020C0100,SUP-349f3299ab87,BUY-68eda450c8b9,CAT-AEROSPACE-DEFENSE,2025-06-13,2025-09-29,closed,USD,1223741780.87,N0003020C0100,USAspending + derived procurement model
N0001917C0030,SUP-0d0953f832ba,BUY-68eda450c8b9,CAT-AEROSPACE-DEFENSE,2026-04-18,2026-06-20,closed,USD,1223355383.27,N0001917C0030,USAspending + derived procurement model
70B01C26F00000169,SUP-accfeed20f92,BUY-c6fbcf567ef8,CAT-LOGISTICS-TRANSPORTATION,2025-09-24,2026-01-09,closed,USD,1223124000.0,70B01C26F00000169,USAspending + derived procurement model
N0002424C2106,SUP-9e1f2b902c1e,BUY-893be9bd11ed,CAT-AEROSPACE-DEFENSE,2025-03-23,2025-08-30,closed,USD,1222723455.0,N0002424C2106,USAspending + derived procurement model
HQ085321C0002,SUP-349f3299ab87,BUY-6143d360cdad,CAT-AEROSPACE-DEFENSE,2026-04-25,2026-07-14,open,USD,1218472659.1,HQ085321C0002,USAspending + derived procurement model
N0002418C4314,SUP-9e1f2b902c1e,BUY-893be9bd11ed,CAT-AEROSPACE-DEFENSE,2025-07-10,2025-09-28,closed,USD,1218462083.27,N0002418C4314,USAspending + derived procurement model
N0003017C0100,SUP-8d496a253cef,BUY-893be9bd11ed,CAT-AEROSPACE-DEFENSE,2026-05-04,2026-07-10,open,USD,1216428405.0,N0003017C0100,USAspending + derived procurement model
FA821924C0001,SUP-8d496a253cef,BUY-4175d8557aad,CAT-AEROSPACE-DEFENSE,2025-07-09,2025-08-13,closed,USD,1213349262.88,FA821924C0001,USAspending + derived procurement model
0002,SUP-63374ed1f372,BUY-a481c9d6717b,CAT-AEROSPACE-DEFENSE,2026-02-21,2026-06-14,closed,USD,1206003144.78,0002,USAspending + derived procurement model
N0003025C0100,SUP-349f3299ab87,BUY-893be9bd11ed,CAT-AEROSPACE-DEFENSE,2026-03-15,2026-08-30,open,USD,1205415035.0,N0003025C0100,USAspending + derived procurement model
NNG09DA01C,SUP-8c40939f3f2d,BUY-517085245e38,CAT-AEROSPACE-DEFENSE,2025-01-23,2025-03-16,closed,USD,1200320663.04,NNG09DA01C,USAspending + derived procurement model
47QFCA21F0001,SUP-fe306d4bce77,BUY-eb9205aaffb7,CAT-LOGISTICS-TRANSPORTATION,2025-08-12,2025-10-16,closed,USD,1195945730.89,47QFCA21F0001,USAspending + derived procurement model
36C24026K1007,SUP-a1a6dfdeba70,BUY-a52c9cb754d6,CAT-LOGISTICS-TRANSPORTATION,2026-11-13,2027-02-06,open,USD,1191348080.87,36C24026K1007,USAspending + derived procurement model
36C24026K1001,SUP-a1a6dfdeba70,BUY-a52c9cb754d6,CAT-LOGISTICS-TRANSPORTATION,2026-09-02,2027-01-28,open,USD,1184200532.33,36C24026K1001,USAspending + derived procurement model
N0002407C2102,SUP-3363fbcdf138,BUY-893be9bd11ed,CAT-AEROSPACE-DEFENSE,2026-05-28,2026-08-27,open,USD,1179194023.0,N0002407C2102,USAspending + derived procurement model
47QFCA21C0001,SUP-c0928d72fc9c,BUY-eb9205aaffb7,CAT-DEFINITIVE-CONTRACT-GENERAL,2025-11-04,2025-12-24,closed,USD,1178619384.57,47QFCA21C0001,USAspending + derived procurement model
36C24025K1012,SUP-a1a6dfdeba70,BUY-a52c9cb754d6,CAT-LOGISTICS-TRANSPORTATION,2025-05-26,2025-10-12,closed,USD,1177854443.23,36C24025K1012,USAspending + derived procurement model
36C24026K1006,SUP-a1a6dfdeba70,BUY-a52c9cb754d6,CAT-LOGISTICS-TRANSPORTATION,2025-10-25,2025-12-30,closed,USD,1175683450.7,36C24026K1006,USAspending + derived procurement model
FA810616C0001,SUP-5c8f472899dc,BUY-4175d8557aad,CAT-AEROSPACE-DEFENSE,2025-09-09,2026-01-04,closed,USD,1172254546.31,FA810616C0001,USAspending + derived procurement model
N0001925C0130,SUP-4774b5a1ce7a,BUY-893be9bd11ed,CAT-AEROSPACE-DEFENSE,2025-12-14,2026-03-21,closed,USD,1167849793.0,N0001925C0130,USAspending + derived procurement model
W56HZV22F0353,SUP-c4a80f236b95,BUY-a481c9d6717b,CAT-AEROSPACE-DEFENSE,2025-03-09,2025-05-20,closed,USD,1167042893.71,W56HZV22F0353,USAspending + derived procurement model
FA868223CB001,SUP-349f3299ab87,BUY-4175d8557aad,CAT-AEROSPACE-DEFENSE,2025-08-19,2025-12-24,closed,USD,1164277426.0,FA868223CB001,USAspending + derived procurement model
47QFCA22F0047,SUP-4b808cba243c,BUY-eb9205aaffb7,CAT-LOGISTICS-TRANSPORTATION,2026-08-25,2027-01-17,open,USD,1161919267.45,47QFCA22F0047,USAspending + derived procurement model
FA852624F0002,SUP-5c8f472899dc,BUY-4175d8557aad,CAT-AEROSPACE-DEFENSE,2026-10-11,2027-01-12,open,USD,1159306466.77,FA852624F0002,USAspending + derived procurement model
W58RGZ17C0014,SUP-4774b5a1ce7a,BUY-a481c9d6717b,CAT-AEROSPACE-DEFENSE,2025-05-09,2025-06-27,closed,USD,1158653824.24,W58RGZ17C0014,USAspending + derived procurement model
N0001919C1022,SUP-349f3299ab87,BUY-893be9bd11ed,CAT-AEROSPACE-DEFENSE,2025-10-01,2026-03-01,closed,USD,1155919996.0,N0001919C1022,USAspending + derived procurement model
W56HZV12C0344,SUP-ff6644ed73e2,BUY-a481c9d6717b,CAT-AEROSPACE-DEFENSE,2026-12-08,2027-01-29,open,USD,1155380301.81,W56HZV12C0344,USAspending + derived procurement model
HQ085821C0015,SUP-f4ad7ddf985a,BUY-6143d360cdad,CAT-AEROSPACE-DEFENSE,2026-10-23,2027-01-07,open,USD,1153574982.73,HQ085821C0015,USAspending + derived procurement model
47QFCA21C0002,SUP-6837eaa64680,BUY-eb9205aaffb7,CAT-DEFINITIVE-CONTRACT-GENERAL,2025-03-15,2025-08-15,closed,USD,1150643464.2,47QFCA21C0002,USAspending + derived procurement model
W31P4Q21F0147,SUP-349f3299ab87,BUY-a481c9d6717b,CAT-AEROSPACE-DEFENSE,2025-12-16,2026-04-30,closed,USD,1146435983.3,W31P4Q21F0147,USAspending + derived procurement model
W56HZV22C0012,SUP-c4a80f236b95,BUY-a481c9d6717b,CAT-AEROSPACE-DEFENSE,2025-01-30,2025-04-30,closed,USD,1145640166.9,W56HZV22C0012,USAspending + derived procurement model
70B01C26F00000261,SUP-6fd8a328c554,BUY-c6fbcf567ef8,CAT-CONSTRUCTION-FACILITIES,2025-08-01,2025-12-12,closed,USD,1145001057.42,70B01C26F00000261,USAspending + derived procurement model
N0002405C5117,SUP-be4832a386e6,BUY-68eda450c8b9,CAT-AEROSPACE-DEFENSE,2025-01-22,2025-06-03,closed,USD,1140526796.04,N0002405C5117,USAspending + derived procurement model
0010,SUP-77f97e36b1d9,BUY-4175d8557aad,CAT-AEROSPACE-DEFENSE,2025-10-27,2026-04-15,closed,USD,1139108221.77,0010,USAspending + derived procurement model
36C10B21N10150056,SUP-4b808cba243c,BUY-a52c9cb754d6,CAT-LOGISTICS-TRANSPORTATION,2026-04-28,2026-05-31,closed,USD,1139008033.13,36C10B21N10150056,USAspending + derived procurement model
FA812424F0001,SUP-a47d07471912,BUY-4175d8557aad,CAT-AEROSPACE-DEFENSE,2026-08-16,2026-12-16,open,USD,1127037480.95,FA812424F0001,USAspending + derived procurement model
N0001918C1025,SUP-5c8f472899dc,BUY-893be9bd11ed,CAT-AEROSPACE-DEFENSE,2025-06-07,2025-08-17,closed,USD,1125466003.92,N0001918C1025,USAspending + derived procurement model
70Z02326C93210001,SUP-c5a7f4a7cf5e,BUY-f1042bd83adc,CAT-CONSTRUCTION-FACILITIES,2026-06-11,2026-09-24,open,USD,1122648775.26,70Z02326C93210001,USAspending + derived procurement model
FA861518C6058,SUP-349f3299ab87,BUY-4175d8557aad,CAT-AEROSPACE-DEFENSE,2026-06-22,2026-08-17,open,USD,1118215073.06,FA861518C6058,USAspending + derived procurement model
DEAC0207CH11358,SUP-8f109b456523,BUY-ab7aba08e9d6,CAT-ENERGY-UTILITIES,2026-04-07,2026-07-12,open,USD,1118127580.26,DEAC0207CH11358,USAspending + derived procurement model
36C24025K1010,SUP-a1a6dfdeba70,BUY-a52c9cb754d6,CAT-LOGISTICS-TRANSPORTATION,2026-02-20,2026-04-01,closed,USD,1118034560.39,36C24025K1010,USAspending + derived procurement model
FA863421F0023,SUP-5c8f472899dc,BUY-4175d8557aad,CAT-AEROSPACE-DEFENSE,2026-01-23,2026-05-16,closed,USD,1117048124.02,FA863421F0023,USAspending + derived procurement model
FA868221C0001,SUP-349f3299ab87,BUY-4175d8557aad,CAT-AEROSPACE-DEFENSE,2025-07-16,2025-09-25,closed,USD,1114490573.13,FA868221C0001,USAspending + derived procurement model
W58RGZ17C0010,SUP-7661897ce151,BUY-68eda450c8b9,CAT-AEROSPACE-DEFENSE,2026-04-29,2026-09-28,open,USD,1110959062.62,W58RGZ17C0010,USAspending + derived procurement model
36C24026K1003,SUP-a1a6dfdeba70,BUY-a52c9cb754d6,CAT-LOGISTICS-TRANSPORTATION,2025-06-27,2025-08-31,closed,USD,1110402103.93,36C24026K1003,USAspending + derived procurement model
0043,SUP-27c51cffaffd,BUY-a481c9d6717b,CAT-AEROSPACE-DEFENSE,2025-04-25,2025-07-23,closed,USD,1109236716.56,0043,USAspending + derived procurement model
FA861516C6048,SUP-349f3299ab87,BUY-4175d8557aad,CAT-AEROSPACE-DEFENSE,2026-02-21,2026-06-30,closed,USD,1108548894.75,FA861516C6048,USAspending + derived procurement model
HQ014714C0001,SUP-1a7b84ca5478,BUY-6143d360cdad,CAT-AEROSPACE-DEFENSE,2025-10-16,2026-01-10,closed,USD,1107782933.35,HQ014714C0001,USAspending + derived procurement model
W31P4Q19C0077,SUP-349f3299ab87,BUY-a481c9d6717b,CAT-AEROSPACE-DEFENSE,2025-07-30,2025-10-13,closed,USD,1107217880.32,W31P4Q19C0077,USAspending + derived procurement model
N0002423C5123,SUP-349f3299ab87,BUY-893be9bd11ed,CAT-AEROSPACE-DEFENSE,2026-11-22,2027-01-30,open,USD,1106442081.18,N0002423C5123,USAspending + derived procurement model
36C10G26K0209,SUP-f1d49c5287a6,BUY-a52c9cb754d6,CAT-LOGISTICS-TRANSPORTATION,2026-12-05,2027-01-15,open,USD,1102850655.28,36C10G26K0209,USAspending + derived procurement model
GSFC0199711DNAS597271,SUP-f1e5b6bc67a8,BUY-517085245e38,CAT-AEROSPACE-DEFENSE,2026-06-15,2026-10-09,open,USD,1102140609.74,GSFC0199711DNAS597271,USAspending + derived procurement model
NNG04DA00C,SUP-65dea44fdc82,BUY-517085245e38,CAT-AEROSPACE-DEFENSE,2025-10-06,2026-01-02,closed,USD,1095544578.03,NNG04DA00C,USAspending + derived procurement model
36C24026K1004,SUP-a1a6dfdeba70,BUY-a52c9cb754d6,CAT-LOGISTICS-TRANSPORTATION,2025-06-24,2025-11-28,closed,USD,1087989765.81,36C24026K1004,USAspending + derived procurement model
N0002409C5103,SUP-349f3299ab87,BUY-68eda450c8b9,CAT-AEROSPACE-DEFENSE,2025-12-28,2026-02-10,closed,USD,1081970340.94,N0002409C5103,USAspending + derived procurement model
W912CH25F0096,SUP-be4832a386e6,BUY-a481c9d6717b,CAT-AEROSPACE-DEFENSE,2025-08-15,2025-09-19,closed,USD,1080945590.25,W912CH25F0096,USAspending + derived procurement model
FA812425F0001,SUP-a47d07471912,BUY-4175d8557aad,CAT-AEROSPACE-DEFENSE,2026-07-26,2026-12-08,open,USD,1078914542.46,FA812425F0001,USAspending + derived procurement model
36C24025K1011,SUP-a1a6dfdeba70,BUY-a52c9cb754d6,CAT-LOGISTICS-TRANSPORTATION,2026-02-22,2026-06-05,closed,USD,1075377429.89,36C24025K1011,USAspending + derived procurement model
HQ014719C0007,SUP-349f3299ab87,BUY-6143d360cdad,CAT-AEROSPACE-DEFENSE,2026-04-01,2026-06-05,closed,USD,1075010332.8,HQ014719C0007,USAspending + derived procurement model
FA863420F0022,SUP-5c8f472899dc,BUY-4175d8557aad,CAT-AEROSPACE-DEFENSE,2026-02-05,2026-04-22,closed,USD,1070907248.41,FA863420F0022,USAspending + derived procurement model
47QFCA20F0014,SUP-4b808cba243c,BUY-eb9205aaffb7,CAT-LOGISTICS-TRANSPORTATION,2025-10-04,2026-02-12,closed,USD,1070585831.99,47QFCA20F0014,USAspending + derived procurement model
W912PL19C0014,SUP-c685d8b1576c,BUY-a481c9d6717b,CAT-AEROSPACE-DEFENSE,2025-05-03,2025-08-01,closed,USD,1069388598.08,W912PL19C0014,USAspending + derived procurement model
W15QKN19C0017,SUP-2a8797fde649,BUY-a481c9d6717b,CAT-AEROSPACE-DEFENSE,2025-08-16,2025-10-25,closed,USD,1069247453.12,W15QKN19C0017,USAspending + derived procurement model
HT940213C0010,SUP-fca5a1942e16,BUY-916e4eb67c8b,CAT-AEROSPACE-DEFENSE,2025-07-13,2025-09-24,closed,USD,1064728795.4,HT940213C0010,USAspending + derived procurement model
47QFCA20F0013,SUP-f1c838bbb658,BUY-eb9205aaffb7,CAT-LOGISTICS-TRANSPORTATION,2026-06-18,2026-08-15,open,USD,1064544154.89,47QFCA20F0013,USAspending + derived procurement model
W90BRJ15C0006,SUP-84e37244e9bd,BUY-a481c9d6717b,CAT-AEROSPACE-DEFENSE,2025-04-26,2025-08-07,closed,USD,1063181980.9,W90BRJ15C0006,USAspending + derived procurement model
28321322FDS030130,SUP-6837eaa64680,BUY-111995401d98,CAT-LOGISTICS-TRANSPORTATION,2025-07-18,2025-11-10,closed,USD,1063049268.31,28321322FDS030130,USAspending + derived procurement model
36C10G26K0213,SUP-ad6af7e09f0c,BUY-a52c9cb754d6,CAT-HEALTHCARE-MEDICAL,2026-06-10,2026-07-30,open,USD,1062977660.85,36C10G26K0213,USAspending + derived procurement model
36C24026K1005,SUP-a1a6dfdeba70,BUY-a52c9cb754d6,CAT-LOGISTICS-TRANSPORTATION,2026-01-19,2026-04-22,closed,USD,1060268795.34,36C24026K1005,USAspending + derived procurement model
80JSC017C0006,SUP-7bfb076213fc,BUY-517085245e38,CAT-AEROSPACE-DEFENSE,2025-03-24,2025-08-08,closed,USD,1058270017.34,80JSC017C0006,USAspending + derived procurement model
N0002419C5501,SUP-2a8797fde649,BUY-893be9bd11ed,CAT-AEROSPACE-DEFENSE,2025-08-31,2026-02-10,closed,USD,1057024778.37,N0002419C5501,USAspending + derived procurement model
N0002417C6259,SUP-349f3299ab87,BUY-893be9bd11ed,CAT-AEROSPACE-DEFENSE,2025-03-26,2025-07-23,closed,USD,1055127941.5,N0002417C6259,USAspending + derived procurement model
N0002419C2112,SUP-3363fbcdf138,BUY-893be9bd11ed,CAT-AEROSPACE-DEFENSE,2026-09-29,2027-02-26,open,USD,1051399060.0,N0002419C2112,USAspending + derived procurement model
FA863421F0026,SUP-5c8f472899dc,BUY-4175d8557aad,CAT-AEROSPACE-DEFENSE,2025-12-25,2026-02-07,closed,USD,1050985191.98,FA863421F0026,USAspending + derived procurement model
36C24025K1007,SUP-a1a6dfdeba70,BUY-a52c9cb754d6,CAT-LOGISTICS-TRANSPORTATION,2025-08-12,2025-09-24,closed,USD,1045889951.56,36C24025K1007,USAspending + derived procurement model
36C24025K1008,SUP-a1a6dfdeba70,BUY-a52c9cb754d6,CAT-LOGISTICS-TRANSPORTATION,2025-04-15,2025-06-06,closed,USD,1043484624.67,36C24025K1008,USAspending + derived procurement model
N0002420C6117,SUP-349f3299ab87,BUY-893be9bd11ed,CAT-AEROSPACE-DEFENSE,2026-02-27,2026-05-17,closed,USD,1042321712.26,N0002420C6117,USAspending + derived procurement model
